grep: warning: stray \ before :
=========================================================================

  JBoss Bootstrap Environment

  JBOSS_HOME: /home/mopatil/Documents/EAP_lab/jboss-eap-7.4.0/jboss-eap-7.4

  JAVA: /home/mopatil/jdks/jdk-11.0.32.1+1/bin/java

  JAVA_OPTS:  -server -Xlog:gc*:file="/home/mopatil/Documents/EAP_lab/jboss-eap-7.4.0/jboss-eap-7.4/standalone/log/gc.log":time,uptimemillis:filecount=5,filesize=3M -Djdk.serialFilter="maxbytes=10485760;maxdepth=128;maxarray=100000;maxrefs=300000" -Xms1303m -Xmx1303m -XX:MetaspaceSize=96M -XX:MaxMetaspaceSize=256m -Djava.net.preferIPv4Stack=true -Djboss.modules.system.pkgs=org.jboss.byteman -Djava.awt.headless=true  --add-exports=java.base/sun.nio.ch=ALL-UNNAMED --add-exports=jdk.unsupported/sun.misc=ALL-UNNAMED --add-exports=jdk.unsupported/sun.reflect=ALL-UNNAMED --add-exports=java.desktop/sun.awt=ALL-UNNAMED --add-exports=java.naming/com.sun.jndi.ldap=ALL-UNNAMED --add-exports=java.naming/com.sun.jndi.url.ldap=ALL-UNNAMED --add-exports=java.naming/com.sun.jndi.url.ldaps=ALL-UNNAMED --add-opens=java.base/com.sun.net.ssl.internal.ssl=ALL-UNNAMED --add-opens=java.base/java.lang=ALL-UNNAMED --add-opens=java.base/java.lang.invoke=ALL-UNNAMED --add-opens=java.base/java.lang.reflect=ALL-UNNAMED --add-opens=java.base/java.io=ALL-UNNAMED --add-opens=java.base/java.security=ALL-UNNAMED --add-opens=java.base/java.util=ALL-UNNAMED --add-opens=java.base/java.util.concurrent=ALL-UNNAMED --add-opens=java.management/javax.management=ALL-UNNAMED --add-opens=java.naming/javax.naming=ALL-UNNAMED

=========================================================================

[0m17:40:00,495 INFO  [org.jboss.modules] (main) JBoss Modules version 1.12.3.Final-redhat-00001
[0m[0m17:40:01,983 INFO  [org.jboss.msc] (main) JBoss MSC version 1.4.13.Final-redhat-00001
[0m[0m17:40:02,008 INFO  [org.jboss.threads] (main) JBoss Threads version 2.4.0.Final-redhat-00001
[0m[0m17:40:02,358 INFO  [org.jboss.as] (MSC service thread 1-2) WFLYSRV0049: JBoss EAP 7.4.23.GA (WildFly Core 15.0.43.Final-redhat-00001) starting
[0m[0m17:40:05,787 INFO  [org.wildfly.security] (ServerService Thread Pool -- 31) ELY00001: WildFly Elytron version 1.15.26.Final-redhat-00001
[0m[0m17:40:07,333 INFO  [org.jboss.as.controller.management-deprecated] (ServerService Thread Pool -- 11) WFLYCTL0033: Extension 'security' is deprecated and may not be supported in future versions
[0m[0m17:40:08,904 INFO  [org.jboss.as.controller.management-deprecated] (Controller Boot Thread) WFLYCTL0028: Attribute 'security-realm' in the resource at address '/core-service=management/management-interface=http-interface' is deprecated, and may be removed in a future version. See the attribute description in the output of the read-resource-description operation to learn more about the deprecation.
[0m[0m17:40:09,237 INFO  [org.jboss.as.controller.management-deprecated] (ServerService Thread Pool -- 15) WFLYCTL0028: Attribute 'security-realm' in the resource at address '/subsystem=undertow/server=default-server/https-listener=https' is deprecated, and may be removed in a future version. See the attribute description in the output of the read-resource-description operation to learn more about the deprecation.
[0m[0m17:40:10,223 INFO  [org.jboss.as.server] (Controller Boot Thread) WFLYSRV0039: Creating http management service using socket-binding (management-http)
[0m[0m17:40:10,345 INFO  [org.xnio] (MSC service thread 1-3) XNIO version 3.8.16.Final-redhat-00001
[0m[0m17:40:10,379 INFO  [org.xnio.nio] (MSC service thread 1-3) XNIO NIO Implementation Version 3.8.16.Final-redhat-00001
[0m[0m17:40:10,752 INFO  [org.jboss.as.naming] (ServerService Thread Pool -- 65) WFLYNAM0001: Activating Naming Subsystem
[0m[0m17:40:10,776 INFO  [org.wildfly.extension.health] (ServerService Thread Pool -- 52) WFLYHEALTH0001: Activating Base Health Subsystem
[0m[0m17:40:10,771 INFO  [org.jboss.as.clustering.infinispan] (ServerService Thread Pool -- 53) WFLYCLINF0001: Activating Infinispan subsystem.
[0m[0m17:40:10,773 INFO  [org.jboss.as.jsf] (ServerService Thread Pool -- 61) WFLYJSF0007: Activated the following Jakarta Server Faces Implementations: [main]
[0m[0m17:40:10,805 INFO  [org.jboss.as.jaxrs] (ServerService Thread Pool -- 55) WFLYRS0016: RESTEasy version 3.15.10.Final-redhat-00001
[0m[0m17:40:10,836 INFO  [org.wildfly.extension.io] (ServerService Thread Pool -- 54) WFLYIO001: Worker 'default' has auto-configured to 24 IO threads with 192 max task threads based on your 12 available processors
[0m[0m17:40:10,879 INFO  [org.jboss.as.clustering.jgroups] (ServerService Thread Pool -- 58) WFLYCLJG0001: Activating JGroups subsystem. JGroups version 4.2.23
[0m[0m17:40:10,981 INFO  [org.jboss.as.webservices] (ServerService Thread Pool -- 76) WFLYWS0002: Activating WebServices Extension
[0m[0m17:40:11,021 INFO  [org.jboss.as.connector] (MSC service thread 1-1) WFLYJCA0009: Starting Jakarta Connectors Subsystem (WildFly/IronJacamar 1.5.21.Final-redhat-00001)
[0m[33m17:40:11,021 WARN  [org.jboss.as.txn] (ServerService Thread Pool -- 74) WFLYTX0013: The node-identifier attribute on the /subsystem=transactions is set to the default value. This is a danger for environments running multiple servers. Please make sure the attribute value is unique.
[0m[0m17:40:11,008 INFO  [org.jboss.as.security] (ServerService Thread Pool -- 71) WFLYSEC0002: Activating Security Subsystem
[0m[0m17:40:11,087 INFO  [org.wildfly.extension.undertow] (MSC service thread 1-5) WFLYUT0003: Undertow 2.2.37.SP2-redhat-00001 starting
[0m[0m17:40:11,108 INFO  [org.wildfly.extension.metrics] (ServerService Thread Pool -- 63) WFLYMETRICS0001: Activating Base Metrics Subsystem
[0m[0m17:40:11,131 INFO  [org.jboss.as.security] (MSC service thread 1-1) WFLYSEC0001: Current PicketBox version=5.0.3.Final-redhat-00009
[0m[0m17:40:11,322 INFO  [org.jboss.as.connector.subsystems.datasources] (ServerService Thread Pool -- 44) WFLYJCA0004: Deploying JDBC-compliant driver class org.h2.Driver (version 1.4)
[0m[0m17:40:11,351 INFO  [org.jboss.as.connector.deployers.jdbc] (MSC service thread 1-5) WFLYJCA0018: Started Driver service with driver-name = h2
[0m[0m17:40:11,474 INFO  [org.jboss.as.naming] (MSC service thread 1-5) WFLYNAM0003: Starting Naming Service
[0m[0m17:40:11,572 INFO  [org.jboss.as.mail.extension] (MSC service thread 1-5) WFLYMAIL0001: Bound mail session [java:jboss/mail/Default]
[0m[0m17:40:11,715 INFO  [org.jboss.remoting] (MSC service thread 1-8) JBoss Remoting version 5.0.31.Final-redhat-00001
[0m[0m17:40:12,993 INFO  [org.wildfly.extension.undertow] (ServerService Thread Pool -- 75) WFLYUT0014: Creating file handler for path '/home/mopatil/Documents/EAP_lab/jboss-eap-7.4.0/jboss-eap-7.4/welcome-content' with options [directory-listing: 'false', follow-symlink: 'false', case-sensitive: 'true', safe-symlink-paths: '[]']
[0m[0m17:40:13,067 INFO  [org.jboss.as.ejb3] (MSC service thread 1-3) WFLYEJB0481: Strict pool slsb-strict-max-pool is using a max instance size of 192 (per class), which is derived from thread worker pool sizing.
[0m[0m17:40:13,067 INFO  [org.jboss.as.ejb3] (MSC service thread 1-6) WFLYEJB0482: Strict pool mdb-strict-max-pool is using a max instance size of 48 (per class), which is derived from the number of CPUs on this host.
[0m[0m17:40:13,408 INFO  [org.wildfly.extension.undertow] (MSC service thread 1-3) WFLYUT0012: Started server default-server.
[0m[0m17:40:13,434 INFO  [org.wildfly.extension.undertow] (MSC service thread 1-6) Queuing requests.
[0m[0m17:40:13,457 INFO  [org.wildfly.extension.undertow] (MSC service thread 1-6) WFLYUT0018: Host default-host starting
[0m[0m17:40:13,829 INFO  [org.wildfly.extension.undertow] (MSC service thread 1-6) WFLYUT0006: Undertow HTTP listener default listening on 0.0.0.0:8280
[0m[0m17:40:13,827 INFO  [org.wildfly.extension.undertow] (MSC service thread 1-3) WFLYUT0006: Undertow AJP listener ajp listening on 0.0.0.0:8209
[0m[0m17:40:13,856 INFO  [org.jboss.modcluster] (ServerService Thread Pool -- 78) MODCLUSTER000001: Initializing mod_cluster version 1.4.5.Final-redhat-00001
[0m[0m17:40:13,975 INFO  [org.jboss.modcluster] (ServerService Thread Pool -- 78) MODCLUSTER000032: Listening to proxy advertisements on /224.0.1.105:23364
[0m[0m17:40:14,184 INFO  [org.jboss.as.ejb3] (MSC service thread 1-4) WFLYEJB0493: Jakarta Enterprise Beans subsystem suspension complete
[0m[0m17:40:14,287 INFO  [java.io.serialization] (MSC service thread 1-6) Creating serialization filter from maxbytes=10485760;maxdepth=128;maxarray=100000;maxrefs=300000
[0m[0m17:40:14,625 INFO  [org.jboss.as.connector.subsystems.datasources] (MSC service thread 1-7) WFLYJCA0001: Bound data source [java:jboss/datasources/ExampleDS]
[0m[0m17:40:14,900 INFO  [org.jboss.as.patching] (MSC service thread 1-6) WFLYPAT0050: JBoss EAP cumulative patch ID is: jboss-eap-7.4.23.CP, one-off patches include: none
[0m[0m17:40:15,139 INFO  [org.jboss.as.server.deployment.scanner] (MSC service thread 1-5) WFLYDS0013: Started FileSystemDeploymentService for directory /home/mopatil/Documents/EAP_lab/jboss-eap-7.4.0/jboss-eap-7.4/standalone/deployments
[0m[0m17:40:15,178 INFO  [org.jboss.as.server.deployment] (MSC service thread 1-7) WFLYSRV0027: Starting deployment of "reproducer.war" (runtime-name: "reproducer.war")
[0m[0m17:40:15,517 INFO  [org.wildfly.extension.undertow] (MSC service thread 1-1) WFLYUT0006: Undertow HTTPS listener https listening on 0.0.0.0:8643
[0m[0m17:40:15,819 INFO  [org.jboss.ws.common.management] (MSC service thread 1-4) JBWS022052: Starting JBossWS 5.4.15.Final-redhat-00001 (Apache CXF 3.5.10.redhat-00001) 
[0m[33m17:40:18,375 WARN  [org.jgroups.protocols.UDP] (ServerService Thread Pool -- 78) JGRP000015: the receive buffer of socket ManagedMulticastSocketBinding was set to 20.00MB, but the OS only allocated 4.19MB
[0m[33m17:40:18,381 WARN  [org.jgroups.protocols.UDP] (ServerService Thread Pool -- 78) JGRP000015: the receive buffer of socket ManagedMulticastSocketBinding was set to 25.00MB, but the OS only allocated 4.19MB
[0m[0m17:40:22,603 INFO  [org.infinispan.CONTAINER] (ServerService Thread Pool -- 81) ISPN000128: Infinispan version: Infinispan 'Corona Extra' 11.0.19.Final-redhat-00001
[0m[0m17:40:22,747 INFO  [org.infinispan.PERSISTENCE] (ServerService Thread Pool -- 78) ISPN000556: Starting user marshaller 'org.wildfly.clustering.infinispan.spi.marshalling.InfinispanProtoStreamMarshaller'
[0m[0m17:40:22,749 INFO  [org.infinispan.PERSISTENCE] (ServerService Thread Pool -- 81) ISPN000556: Starting user marshaller 'org.wildfly.clustering.infinispan.spi.marshalling.InfinispanProtoStreamMarshaller'
[0m[0m17:40:22,749 INFO  [org.infinispan.PERSISTENCE] (ServerService Thread Pool -- 80) ISPN000556: Starting user marshaller 'org.wildfly.clustering.infinispan.marshalling.jboss.JBossMarshaller'
[0m[0m17:40:22,749 INFO  [org.infinispan.PERSISTENCE] (ServerService Thread Pool -- 82) ISPN000556: Starting user marshaller 'org.wildfly.clustering.infinispan.spi.marshalling.InfinispanProtoStreamMarshaller'
[0m[0m17:40:23,089 INFO  [org.infinispan.CLUSTER] (ServerService Thread Pool -- 82) ISPN000078: Starting JGroups channel ejb
[0m[0m17:40:23,089 INFO  [org.infinispan.CLUSTER] (ServerService Thread Pool -- 81) ISPN000078: Starting JGroups channel ejb
[0m[0m17:40:23,089 INFO  [org.infinispan.CLUSTER] (ServerService Thread Pool -- 78) ISPN000078: Starting JGroups channel ejb
[0m[0m17:40:23,090 INFO  [org.infinispan.CLUSTER] (ServerService Thread Pool -- 80) ISPN000078: Starting JGroups channel ejb
[0m[0m17:40:23,104 INFO  [org.infinispan.CLUSTER] (ServerService Thread Pool -- 78) ISPN000094: Received new cluster view for channel ejb: [node3|1] (2) [node3, node2]
[0m[0m17:40:23,105 INFO  [org.infinispan.CLUSTER] (ServerService Thread Pool -- 82) ISPN000094: Received new cluster view for channel ejb: [node3|1] (2) [node3, node2]
[0m[0m17:40:23,107 INFO  [org.infinispan.CLUSTER] (ServerService Thread Pool -- 80) ISPN000094: Received new cluster view for channel ejb: [node3|1] (2) [node3, node2]
[0m[0m17:40:23,108 INFO  [org.infinispan.CLUSTER] (ServerService Thread Pool -- 81) ISPN000094: Received new cluster view for channel ejb: [node3|1] (2) [node3, node2]
[0m[0m17:40:23,139 INFO  [org.infinispan.CLUSTER] (ServerService Thread Pool -- 80) ISPN000079: Channel ejb local address is node3, physical addresses are [127.0.0.1:55400]
[0m[0m17:40:23,140 INFO  [org.infinispan.CLUSTER] (ServerService Thread Pool -- 81) ISPN000079: Channel ejb local address is node3, physical addresses are [127.0.0.1:55400]
[0m[0m17:40:23,141 INFO  [org.infinispan.CLUSTER] (ServerService Thread Pool -- 78) ISPN000079: Channel ejb local address is node3, physical addresses are [127.0.0.1:55400]
[0m[0m17:40:23,151 INFO  [org.infinispan.CLUSTER] (ServerService Thread Pool -- 82) ISPN000079: Channel ejb local address is node3, physical addresses are [127.0.0.1:55400]
[0m[0m17:40:23,293 INFO  [org.infinispan.CONFIG] (MSC service thread 1-3) ISPN000152: Passivation configured without an eviction policy being selected. Only manually evicted entities will be passivated.
[0m[0m17:40:23,302 INFO  [org.infinispan.CONFIG] (MSC service thread 1-6) ISPN000152: Passivation configured without an eviction policy being selected. Only manually evicted entities will be passivated.
[0m[0m17:40:23,307 INFO  [org.infinispan.CONFIG] (MSC service thread 1-6) ISPN000152: Passivation configured without an eviction policy being selected. Only manually evicted entities will be passivated.
[0m[0m17:40:23,308 INFO  [org.infinispan.CONFIG] (MSC service thread 1-3) ISPN000152: Passivation configured without an eviction policy being selected. Only manually evicted entities will be passivated.
[0m[0m17:40:23,996 INFO  [org.jboss.as.clustering.infinispan] (ServerService Thread Pool -- 81) WFLYCLINF0002: Started http-remoting-connector cache from ejb container
[0m[0m17:40:23,996 INFO  [org.jboss.as.clustering.infinispan] (ServerService Thread Pool -- 80) WFLYCLINF0002: Started default-server cache from web container
[0m[0m17:40:24,025 INFO  [org.jboss.as.clustering.infinispan] (ServerService Thread Pool -- 78) WFLYCLINF0002: Started reproducer.war cache from web container
[0m[0m17:40:24,394 INFO  [org.infinispan.CLUSTER] (thread-6,ejb,node3) [Context=default-server] ISPN100002: Starting rebalance with members [node3, node2], phase READ_OLD_WRITE_ALL, topology id 2
[0m[0m17:40:24,394 INFO  [org.infinispan.CLUSTER] (thread-10,ejb,node3) [Context=http-remoting-connector] ISPN100002: Starting rebalance with members [node3, node2], phase READ_OLD_WRITE_ALL, topology id 2
[0m[0m17:40:24,430 INFO  [org.infinispan.CLUSTER] (thread-6,ejb,node3) ISPN000094: Received new cluster view for channel ejb: [node3|2] (3) [node3, node2, node1]
[0m[0m17:40:24,437 INFO  [org.infinispan.CLUSTER] (thread-6,ejb,node3) ISPN100000: Node node1 joined the cluster
[0m[0m17:40:24,441 INFO  [org.infinispan.CLUSTER] (thread-6,ejb,node3) ISPN000094: Received new cluster view for channel ejb: [node3|2] (3) [node3, node2, node1]
[0m[0m17:40:24,446 INFO  [org.infinispan.CLUSTER] (thread-6,ejb,node3) ISPN100000: Node node1 joined the cluster
[0m[0m17:40:24,451 INFO  [org.infinispan.CLUSTER] (thread-6,ejb,node3) ISPN000094: Received new cluster view for channel ejb: [node3|2] (3) [node3, node2, node1]
[0m[0m17:40:24,454 INFO  [org.infinispan.CLUSTER] (thread-6,ejb,node3) ISPN100000: Node node1 joined the cluster
[0m[0m17:40:24,460 INFO  [org.infinispan.CLUSTER] (thread-6,ejb,node3) ISPN000094: Received new cluster view for channel ejb: [node3|2] (3) [node3, node2, node1]
[0m[0m17:40:24,463 INFO  [org.infinispan.CLUSTER] (thread-6,ejb,node3) ISPN100000: Node node1 joined the cluster
[0m[0m17:40:24,579 INFO  [org.wildfly.extension.undertow] (ServerService Thread Pool -- 81) WFLYUT0021: Registered web context: '/reproducer' for server 'default-server'
[0m[0m17:40:24,760 INFO  [org.infinispan.CLUSTER] (thread-8,ejb,node3) [Context=reproducer.war] ISPN100002: Starting rebalance with members [node3, node2], phase READ_OLD_WRITE_ALL, topology id 2
[0m[0m17:40:24,937 INFO  [org.infinispan.CLUSTER] (thread-10,ejb,node3) [Context=reproducer.war] ISPN100009: Advancing to rebalance phase READ_ALL_WRITE_ALL, topology id 3
[0m[0m17:40:24,949 INFO  [org.jboss.as.server] (ServerService Thread Pool -- 45) WFLYSRV0010: Deployed "reproducer.war" (runtime-name : "reproducer.war")
[0m[0m17:40:24,955 INFO  [org.infinispan.CLUSTER] (thread-6,ejb,node3) [Context=default-server] ISPN100009: Advancing to rebalance phase READ_ALL_WRITE_ALL, topology id 3
[0m[0m17:40:24,978 INFO  [org.infinispan.CLUSTER] (thread-6,ejb,node3) [Context=reproducer.war] ISPN100009: Advancing to rebalance phase READ_NEW_WRITE_ALL, topology id 4
[0m[0m17:40:24,982 INFO  [org.infinispan.CLUSTER] (non-blocking-thread--p6-t22) [Context=default-server] ISPN100009: Advancing to rebalance phase READ_NEW_WRITE_ALL, topology id 4
[0m[0m17:40:25,003 INFO  [org.infinispan.CLUSTER] (thread-10,ejb,node3) [Context=http-remoting-connector] ISPN100009: Advancing to rebalance phase READ_ALL_WRITE_ALL, topology id 3
[0m[0m17:40:25,003 INFO  [org.infinispan.CLUSTER] (non-blocking-thread--p6-t24) [Context=default-server] ISPN100010: Finished rebalance with members [node3, node2], topology id 5
[0m[0m17:40:25,004 INFO  [org.infinispan.CLUSTER] (non-blocking-thread--p6-t1) [Context=reproducer.war] ISPN100010: Finished rebalance with members [node3, node2], topology id 5
[0m[0m17:40:25,062 INFO  [org.infinispan.CLUSTER] (non-blocking-thread--p7-t12) [Context=http-remoting-connector] ISPN100009: Advancing to rebalance phase READ_NEW_WRITE_ALL, topology id 4
[0m[0m17:40:25,105 INFO  [org.infinispan.CLUSTER] (non-blocking-thread--p7-t13) [Context=http-remoting-connector] ISPN100010: Finished rebalance with members [node3, node2], topology id 5
[0m[33m17:40:25,211 WARN  [org.jboss.as.ejb3.remote] (main - 1) WFLYEJB0509: Clustered Jakarta Enterprise Beans in Node: node2 are bound to INADDR_ANY(0.0.0.0). Either use a non-wildcard server bind address or add client-mapping entries to the relevant socket-binding for the Remoting connector
[0m[0m17:40:25,271 INFO  [org.jboss.as.server] (Controller Boot Thread) WFLYSRV0212: Resuming server
[0m[0m17:40:25,295 INFO  [org.jboss.as] (Controller Boot Thread) WFLYSRV0025: JBoss EAP 7.4.23.GA (WildFly Core 15.0.43.Final-redhat-00001) started in 25975ms - Started 548 of 748 services (462 services are lazy, passive or on-demand)
[0m[0m17:40:25,303 INFO  [org.jboss.as] (Controller Boot Thread) WFLYSRV0060: Http management interface listening on http://127.0.0.1:10190/management
[0m[0m17:40:25,304 INFO  [org.jboss.as] (Controller Boot Thread) WFLYSRV0051: Admin console listening on http://127.0.0.1:10190
[0m[0m17:40:26,936 INFO  [org.infinispan.CLUSTER] (thread-9,ejb,node3) [Context=default-server] ISPN100002: Starting rebalance with members [node3, node2, node1], phase READ_OLD_WRITE_ALL, topology id 6
[0m[0m17:40:26,938 INFO  [org.infinispan.CLUSTER] (thread-6,ejb,node3) [Context=http-remoting-connector] ISPN100002: Starting rebalance with members [node3, node2, node1], phase READ_OLD_WRITE_ALL, topology id 6
[0m[0m17:40:27,110 INFO  [org.infinispan.CLUSTER] (thread-9,ejb,node3) [Context=reproducer.war] ISPN100002: Starting rebalance with members [node3, node2, node1], phase READ_OLD_WRITE_ALL, topology id 6
[0m[0m17:40:27,181 INFO  [org.infinispan.CLUSTER] (thread-6,ejb,node3) [Context=reproducer.war] ISPN100009: Advancing to rebalance phase READ_ALL_WRITE_ALL, topology id 7
[0m[0m17:40:27,202 INFO  [org.infinispan.CLUSTER] (thread-6,ejb,node3) [Context=reproducer.war] ISPN100009: Advancing to rebalance phase READ_NEW_WRITE_ALL, topology id 8
[0m[0m17:40:27,216 INFO  [org.infinispan.CLUSTER] (thread-9,ejb,node3) [Context=reproducer.war] ISPN100010: Finished rebalance with members [node3, node2, node1], topology id 9
[0m[0m17:40:27,237 INFO  [org.infinispan.CLUSTER] (thread-6,ejb,node3) [Context=default-server] ISPN100009: Advancing to rebalance phase READ_ALL_WRITE_ALL, topology id 7
[0m[0m17:40:27,246 INFO  [org.infinispan.CLUSTER] (thread-6,ejb,node3) [Context=http-remoting-connector] ISPN100009: Advancing to rebalance phase READ_ALL_WRITE_ALL, topology id 7
[0m[0m17:40:27,252 INFO  [org.infinispan.CLUSTER] (thread-10,ejb,node3) [Context=default-server] ISPN100009: Advancing to rebalance phase READ_NEW_WRITE_ALL, topology id 8
[0m[0m17:40:27,261 INFO  [org.infinispan.CLUSTER] (thread-6,ejb,node3) [Context=http-remoting-connector] ISPN100009: Advancing to rebalance phase READ_NEW_WRITE_ALL, topology id 8
[0m[0m17:40:27,266 INFO  [org.infinispan.CLUSTER] (thread-10,ejb,node3) [Context=default-server] ISPN100010: Finished rebalance with members [node3, node2, node1], topology id 9
[0m[0m17:40:27,284 INFO  [org.infinispan.CLUSTER] (thread-10,ejb,node3) [Context=http-remoting-connector] ISPN100010: Finished rebalance with members [node3, node2, node1], topology id 9
[0m[33m17:40:27,361 WARN  [org.jboss.as.ejb3.remote] (main - 1) WFLYEJB0509: Clustered Jakarta Enterprise Beans in Node: node1 are bound to INADDR_ANY(0.0.0.0). Either use a non-wildcard server bind address or add client-mapping entries to the relevant socket-binding for the Remoting connector
[0m[0m17:40:44,952 INFO  [org.infinispan.CLUSTER] (thread-6,ejb,node3) [Context=reproducer.war] ISPN100008: Updating cache members list [node3, node2], topology id 10
[0m[0m17:40:44,959 INFO  [org.infinispan.CLUSTER] (thread-6,ejb,node3) [Context=reproducer.war] ISPN100002: Starting rebalance with members [node3, node2], phase READ_OLD_WRITE_ALL, topology id 11
[0m[0m17:40:45,015 INFO  [org.infinispan.CLUSTER] (thread-10,ejb,node3) [Context=default-server] ISPN100008: Updating cache members list [node3, node2], topology id 10
[0m[0m17:40:45,018 INFO  [org.infinispan.CLUSTER] (thread-9,ejb,node3) [Context=http-remoting-connector] ISPN100008: Updating cache members list [node3, node2], topology id 10
[0m[0m17:40:45,031 INFO  [org.infinispan.CLUSTER] (thread-10,ejb,node3) [Context=default-server] ISPN100002: Starting rebalance with members [node3, node2], phase READ_OLD_WRITE_ALL, topology id 11
[0m[0m17:40:45,023 INFO  [org.infinispan.CLUSTER] (thread-9,ejb,node3) [Context=http-remoting-connector] ISPN100002: Starting rebalance with members [node3, node2], phase READ_OLD_WRITE_ALL, topology id 11
[0m[0m17:40:45,062 INFO  [org.infinispan.CLUSTER] (thread-10,ejb,node3) [Context=http-remoting-connector] ISPN100009: Advancing to rebalance phase READ_ALL_WRITE_ALL, topology id 12
[0m[0m17:40:45,067 INFO  [org.infinispan.CLUSTER] (thread-6,ejb,node3) [Context=default-server] ISPN100009: Advancing to rebalance phase READ_ALL_WRITE_ALL, topology id 12
[0m[0m17:40:45,072 INFO  [org.infinispan.CLUSTER] (thread-9,ejb,node3) [Context=reproducer.war] ISPN100009: Advancing to rebalance phase READ_ALL_WRITE_ALL, topology id 12
[0m[0m17:40:45,085 INFO  [org.infinispan.CLUSTER] (thread-9,ejb,node3) [Context=http-remoting-connector] ISPN100009: Advancing to rebalance phase READ_NEW_WRITE_ALL, topology id 13
[0m[0m17:40:45,086 INFO  [org.infinispan.CLUSTER] (thread-10,ejb,node3) [Context=reproducer.war] ISPN100009: Advancing to rebalance phase READ_NEW_WRITE_ALL, topology id 13
[0m[0m17:40:45,086 INFO  [org.infinispan.CLUSTER] (thread-6,ejb,node3) [Context=default-server] ISPN100009: Advancing to rebalance phase READ_NEW_WRITE_ALL, topology id 13
[0m[0m17:40:45,119 INFO  [org.infinispan.CLUSTER] (thread-6,ejb,node3) [Context=reproducer.war] ISPN100010: Finished rebalance with members [node3, node2], topology id 14
[0m[0m17:40:45,126 INFO  [org.infinispan.CLUSTER] (thread-10,ejb,node3) [Context=http-remoting-connector] ISPN100010: Finished rebalance with members [node3, node2], topology id 14
[0m[0m17:40:45,126 INFO  [org.infinispan.CLUSTER] (thread-9,ejb,node3) [Context=default-server] ISPN100010: Finished rebalance with members [node3, node2], topology id 14
[0m[0m17:40:45,165 INFO  [org.infinispan.CLUSTER] (thread-9,ejb,node3) ISPN000094: Received new cluster view for channel ejb: [node3|3] (2) [node3, node2]
[0m[0m17:40:45,167 INFO  [org.infinispan.CLUSTER] (thread-9,ejb,node3) ISPN100001: Node node1 left the cluster
[0m[0m17:40:45,171 INFO  [org.infinispan.CLUSTER] (thread-9,ejb,node3) ISPN000094: Received new cluster view for channel ejb: [node3|3] (2) [node3, node2]
[0m[0m17:40:45,172 INFO  [org.infinispan.CLUSTER] (thread-9,ejb,node3) ISPN100001: Node node1 left the cluster
[0m[0m17:40:45,172 INFO  [org.infinispan.CLUSTER] (thread-9,ejb,node3) ISPN000094: Received new cluster view for channel ejb: [node3|3] (2) [node3, node2]
[0m[0m17:40:45,174 INFO  [org.infinispan.CLUSTER] (thread-9,ejb,node3) ISPN100001: Node node1 left the cluster
[0m[0m17:40:45,174 INFO  [org.infinispan.CLUSTER] (thread-9,ejb,node3) ISPN000094: Received new cluster view for channel ejb: [node3|3] (2) [node3, node2]
[0m[0m17:40:45,176 INFO  [org.infinispan.CLUSTER] (thread-9,ejb,node3) ISPN100001: Node node1 left the cluster
[0m[0m17:40:46,163 INFO  [org.infinispan.CLUSTER] (thread-9,ejb,node3) ISPN000094: Received new cluster view for channel ejb: [node3|4] (3) [node3, node2, node1]
[0m[0m17:40:46,166 INFO  [org.infinispan.CLUSTER] (thread-9,ejb,node3) ISPN100000: Node node1 joined the cluster
[0m[0m17:40:46,169 INFO  [org.infinispan.CLUSTER] (thread-9,ejb,node3) ISPN000094: Received new cluster view for channel ejb: [node3|4] (3) [node3, node2, node1]
[0m[0m17:40:46,170 INFO  [org.infinispan.CLUSTER] (thread-9,ejb,node3) ISPN100000: Node node1 joined the cluster
[0m[0m17:40:46,171 INFO  [org.infinispan.CLUSTER] (thread-9,ejb,node3) ISPN000094: Received new cluster view for channel ejb: [node3|4] (3) [node3, node2, node1]
[0m[0m17:40:46,173 INFO  [org.infinispan.CLUSTER] (thread-9,ejb,node3) ISPN100000: Node node1 joined the cluster
[0m[0m17:40:46,174 INFO  [org.infinispan.CLUSTER] (thread-9,ejb,node3) ISPN000094: Received new cluster view for channel ejb: [node3|4] (3) [node3, node2, node1]
[0m[0m17:40:46,175 INFO  [org.infinispan.CLUSTER] (thread-9,ejb,node3) ISPN100000: Node node1 joined the cluster
[0m[0m17:40:46,200 INFO  [org.infinispan.CLUSTER] (thread-10,ejb,node3) [Context=reproducer.war] ISPN100008: Updating cache members list [node3], topology id 15
[0m[0m17:40:46,288 INFO  [org.infinispan.CLUSTER] (thread-6,ejb,node3) [Context=default-server] ISPN100008: Updating cache members list [node3], topology id 15
[0m[0m17:40:46,384 INFO  [org.infinispan.CLUSTER] (thread-9,ejb,node3) [Context=http-remoting-connector] ISPN100002: Starting rebalance with members [node3, node2, node1], phase READ_OLD_WRITE_ALL, topology id 15
[0m[0m17:40:46,421 INFO  [org.infinispan.CLUSTER] (thread-9,ejb,node3) [Context=default-server] ISPN100002: Starting rebalance with members [node3, node1], phase READ_OLD_WRITE_ALL, topology id 16
[0m[0m17:40:46,451 INFO  [org.infinispan.CLUSTER] (thread-6,ejb,node3) [Context=reproducer.war] ISPN100002: Starting rebalance with members [node3, node1], phase READ_OLD_WRITE_ALL, topology id 16
[0m[0m17:40:46,531 INFO  [org.infinispan.CLUSTER] (thread-9,ejb,node3) [Context=default-server] ISPN100009: Advancing to rebalance phase READ_ALL_WRITE_ALL, topology id 17
[0m[0m17:40:46,552 INFO  [org.infinispan.CLUSTER] (thread-6,ejb,node3) [Context=http-remoting-connector] ISPN100009: Advancing to rebalance phase READ_ALL_WRITE_ALL, topology id 16
[0m[0m17:40:46,577 INFO  [org.infinispan.CLUSTER] (thread-14,ejb,node3) [Context=http-remoting-connector] ISPN100009: Advancing to rebalance phase READ_NEW_WRITE_ALL, topology id 17
[0m[0m17:40:46,583 INFO  [org.infinispan.CLUSTER] (thread-6,ejb,node3) [Context=reproducer.war] ISPN100009: Advancing to rebalance phase READ_ALL_WRITE_ALL, topology id 17
[0m[0m17:40:46,588 INFO  [org.infinispan.CLUSTER] (thread-9,ejb,node3) [Context=default-server] ISPN100009: Advancing to rebalance phase READ_NEW_WRITE_ALL, topology id 18
[0m[0m17:40:46,601 INFO  [org.infinispan.CLUSTER] (thread-10,ejb,node3) [Context=http-remoting-connector] ISPN100010: Finished rebalance with members [node3, node2, node1], topology id 18
[0m[0m17:40:46,612 INFO  [org.infinispan.CLUSTER] (thread-14,ejb,node3) [Context=default-server] ISPN100010: Finished rebalance with members [node3, node1], topology id 19
[0m[0m17:40:46,618 INFO  [org.infinispan.CLUSTER] (non-blocking-thread--p6-t6) [Context=reproducer.war] ISPN100009: Advancing to rebalance phase READ_NEW_WRITE_ALL, topology id 18
[0m[0m17:40:46,649 INFO  [org.infinispan.CLUSTER] (thread-6,ejb,node3) [Context=reproducer.war] ISPN100010: Finished rebalance with members [node3, node1], topology id 19
[0m[33m17:40:46,654 WARN  [org.jboss.as.ejb3.remote] (main - 1) WFLYEJB0509: Clustered Jakarta Enterprise Beans in Node: node1 are bound to INADDR_ANY(0.0.0.0). Either use a non-wildcard server bind address or add client-mapping entries to the relevant socket-binding for the Remoting connector
[0m[0m17:40:47,046 INFO  [org.infinispan.CLUSTER] (thread-10,ejb,node3) [Context=default-server] ISPN100002: Starting rebalance with members [node3, node1, node2], phase READ_OLD_WRITE_ALL, topology id 20
[0m[0m17:40:47,073 INFO  [org.infinispan.CLUSTER] (thread-10,ejb,node3) [Context=reproducer.war] ISPN100002: Starting rebalance with members [node3, node1, node2], phase READ_OLD_WRITE_ALL, topology id 20
[0m[0m17:40:47,185 INFO  [org.infinispan.CLUSTER] (thread-10,ejb,node3) [Context=reproducer.war] ISPN100009: Advancing to rebalance phase READ_ALL_WRITE_ALL, topology id 21
[0m[0m17:40:47,192 INFO  [org.infinispan.CLUSTER] (thread-10,ejb,node3) [Context=default-server] ISPN100009: Advancing to rebalance phase READ_ALL_WRITE_ALL, topology id 21
[0m[0m17:40:47,214 INFO  [org.infinispan.CLUSTER] (thread-14,ejb,node3) [Context=reproducer.war] ISPN100009: Advancing to rebalance phase READ_NEW_WRITE_ALL, topology id 22
[0m[0m17:40:47,220 INFO  [org.infinispan.CLUSTER] (thread-6,ejb,node3) [Context=default-server] ISPN100009: Advancing to rebalance phase READ_NEW_WRITE_ALL, topology id 22
[0m[0m17:40:47,230 INFO  [org.infinispan.CLUSTER] (thread-6,ejb,node3) [Context=default-server] ISPN100010: Finished rebalance with members [node3, node1, node2], topology id 23
[0m[0m17:40:47,241 INFO  [org.infinispan.CLUSTER] (thread-6,ejb,node3) [Context=reproducer.war] ISPN100010: Finished rebalance with members [node3, node1, node2], topology id 23
[0m[0m17:40:50,405 INFO  [org.infinispan.CLUSTER] (thread-10,ejb,node3) [Context=reproducer.war] ISPN100008: Updating cache members list [node3, node1], topology id 24
[0m[0m17:40:50,409 INFO  [org.infinispan.CLUSTER] (thread-10,ejb,node3) [Context=reproducer.war] ISPN100002: Starting rebalance with members [node3, node1], phase READ_OLD_WRITE_ALL, topology id 25
[0m[0m17:40:50,437 INFO  [org.infinispan.CLUSTER] (thread-6,ejb,node3) [Context=default-server] ISPN100008: Updating cache members list [node3, node1], topology id 24
[0m[0m17:40:50,442 INFO  [org.infinispan.CLUSTER] (thread-6,ejb,node3) [Context=default-server] ISPN100002: Starting rebalance with members [node3, node1], phase READ_OLD_WRITE_ALL, topology id 25
[0m[0m17:40:50,452 INFO  [org.infinispan.CLUSTER] (thread-14,ejb,node3) [Context=http-remoting-connector] ISPN100008: Updating cache members list [node3, node1], topology id 19
[0m[0m17:40:50,454 INFO  [org.infinispan.CLUSTER] (thread-10,ejb,node3) [Context=default-server] ISPN100009: Advancing to rebalance phase READ_ALL_WRITE_ALL, topology id 26
[0m[0m17:40:50,462 INFO  [org.infinispan.CLUSTER] (thread-14,ejb,node3) [Context=http-remoting-connector] ISPN100002: Starting rebalance with members [node3, node1], phase READ_OLD_WRITE_ALL, topology id 20
[0m[0m17:40:50,469 INFO  [org.infinispan.CLUSTER] (thread-9,ejb,node3) [Context=reproducer.war] ISPN100009: Advancing to rebalance phase READ_ALL_WRITE_ALL, topology id 26
[0m[0m17:40:50,470 INFO  [org.infinispan.CLUSTER] (thread-10,ejb,node3) [Context=default-server] ISPN100009: Advancing to rebalance phase READ_NEW_WRITE_ALL, topology id 27
[0m[0m17:40:50,478 INFO  [org.infinispan.CLUSTER] (thread-9,ejb,node3) [Context=default-server] ISPN100010: Finished rebalance with members [node3, node1], topology id 28
[0m[0m17:40:50,479 INFO  [org.infinispan.CLUSTER] (thread-14,ejb,node3) [Context=reproducer.war] ISPN100009: Advancing to rebalance phase READ_NEW_WRITE_ALL, topology id 27
[0m[0m17:40:50,483 INFO  [org.infinispan.CLUSTER] (thread-14,ejb,node3) [Context=http-remoting-connector] ISPN100009: Advancing to rebalance phase READ_ALL_WRITE_ALL, topology id 21
[0m[0m17:40:50,493 INFO  [org.infinispan.CLUSTER] (thread-14,ejb,node3) [Context=reproducer.war] ISPN100010: Finished rebalance with members [node3, node1], topology id 28
[0m[0m17:40:50,504 INFO  [org.infinispan.CLUSTER] (thread-14,ejb,node3) [Context=http-remoting-connector] ISPN100009: Advancing to rebalance phase READ_NEW_WRITE_ALL, topology id 22
[0m[0m17:40:50,515 INFO  [org.infinispan.CLUSTER] (thread-14,ejb,node3) [Context=http-remoting-connector] ISPN100010: Finished rebalance with members [node3, node1], topology id 23
[0m[0m17:40:50,537 INFO  [org.infinispan.CLUSTER] (thread-14,ejb,node3) ISPN000094: Received new cluster view for channel ejb: [node3|5] (2) [node3, node1]
[0m[0m17:40:50,539 INFO  [org.infinispan.CLUSTER] (thread-14,ejb,node3) ISPN100001: Node node2 left the cluster
[0m[0m17:40:50,542 INFO  [org.infinispan.CLUSTER] (thread-14,ejb,node3) ISPN000094: Received new cluster view for channel ejb: [node3|5] (2) [node3, node1]
[0m[0m17:40:50,544 INFO  [org.infinispan.CLUSTER] (thread-14,ejb,node3) ISPN100001: Node node2 left the cluster
[0m[0m17:40:50,547 INFO  [org.infinispan.CLUSTER] (thread-14,ejb,node3) ISPN000094: Received new cluster view for channel ejb: [node3|5] (2) [node3, node1]
[0m[0m17:40:50,551 INFO  [org.infinispan.CLUSTER] (thread-14,ejb,node3) ISPN100001: Node node2 left the cluster
[0m[0m17:40:50,551 INFO  [org.infinispan.CLUSTER] (thread-14,ejb,node3) ISPN000094: Received new cluster view for channel ejb: [node3|5] (2) [node3, node1]
[0m[0m17:40:50,555 INFO  [org.infinispan.CLUSTER] (thread-14,ejb,node3) ISPN100001: Node node2 left the cluster
[0m[0m17:40:51,446 INFO  [org.infinispan.CLUSTER] (thread-10,ejb,node3) ISPN000094: Received new cluster view for channel ejb: [node3|6] (3) [node3, node1, node2]
[0m[0m17:40:51,448 INFO  [org.infinispan.CLUSTER] (thread-10,ejb,node3) ISPN100000: Node node2 joined the cluster
[0m[0m17:40:51,449 INFO  [org.infinispan.CLUSTER] (thread-10,ejb,node3) ISPN000094: Received new cluster view for channel ejb: [node3|6] (3) [node3, node1, node2]
[0m[0m17:40:51,450 INFO  [org.infinispan.CLUSTER] (thread-10,ejb,node3) ISPN100000: Node node2 joined the cluster
[0m[0m17:40:51,451 INFO  [org.infinispan.CLUSTER] (thread-10,ejb,node3) ISPN000094: Received new cluster view for channel ejb: [node3|6] (3) [node3, node1, node2]
[0m[0m17:40:51,454 INFO  [org.infinispan.CLUSTER] (thread-10,ejb,node3) ISPN100000: Node node2 joined the cluster
[0m[0m17:40:51,456 INFO  [org.infinispan.CLUSTER] (thread-10,ejb,node3) ISPN000094: Received new cluster view for channel ejb: [node3|6] (3) [node3, node1, node2]
[0m[0m17:40:51,459 INFO  [org.infinispan.CLUSTER] (thread-10,ejb,node3) ISPN100000: Node node2 joined the cluster
[0m[0m17:40:51,584 INFO  [org.infinispan.CLUSTER] (thread-10,ejb,node3) [Context=default-server] ISPN100002: Starting rebalance with members [node3, node1, node2], phase READ_OLD_WRITE_ALL, topology id 29
[0m[0m17:40:51,603 INFO  [org.infinispan.CLUSTER] (thread-10,ejb,node3) [Context=reproducer.war] ISPN100002: Starting rebalance with members [node3, node1, node2], phase READ_OLD_WRITE_ALL, topology id 29
[0m[0m17:40:51,615 INFO  [org.infinispan.CLUSTER] (thread-10,ejb,node3) [Context=http-remoting-connector] ISPN100002: Starting rebalance with members [node3, node1, node2], phase READ_OLD_WRITE_ALL, topology id 24
[0m[0m17:40:51,657 INFO  [org.infinispan.CLUSTER] (thread-6,ejb,node3) [Context=default-server] ISPN100009: Advancing to rebalance phase READ_ALL_WRITE_ALL, topology id 30
[0m[0m17:40:51,666 INFO  [org.infinispan.CLUSTER] (thread-14,ejb,node3) [Context=default-server] ISPN100009: Advancing to rebalance phase READ_NEW_WRITE_ALL, topology id 31
[0m[0m17:40:51,675 INFO  [org.infinispan.CLUSTER] (thread-14,ejb,node3) [Context=reproducer.war] ISPN100009: Advancing to rebalance phase READ_ALL_WRITE_ALL, topology id 30
[0m[0m17:40:51,675 INFO  [org.infinispan.CLUSTER] (thread-6,ejb,node3) [Context=default-server] ISPN100010: Finished rebalance with members [node3, node1, node2], topology id 32
[0m[0m17:40:51,678 INFO  [org.infinispan.CLUSTER] (thread-9,ejb,node3) [Context=http-remoting-connector] ISPN100009: Advancing to rebalance phase READ_ALL_WRITE_ALL, topology id 25
[0m[0m17:40:51,691 INFO  [org.infinispan.CLUSTER] (thread-6,ejb,node3) [Context=http-remoting-connector] ISPN100009: Advancing to rebalance phase READ_NEW_WRITE_ALL, topology id 26
[0m[0m17:40:51,703 INFO  [org.infinispan.CLUSTER] (thread-14,ejb,node3) [Context=http-remoting-connector] ISPN100010: Finished rebalance with members [node3, node1, node2], topology id 27
[0m[0m17:40:51,703 INFO  [org.infinispan.CLUSTER] (thread-9,ejb,node3) [Context=reproducer.war] ISPN100009: Advancing to rebalance phase READ_NEW_WRITE_ALL, topology id 31
[0m[0m17:40:51,723 INFO  [org.infinispan.CLUSTER] (thread-14,ejb,node3) [Context=reproducer.war] ISPN100010: Finished rebalance with members [node3, node1, node2], topology id 32
[0m[33m17:40:51,748 WARN  [org.jboss.as.ejb3.remote] (main - 1) WFLYEJB0509: Clustered Jakarta Enterprise Beans in Node: node2 are bound to INADDR_ANY(0.0.0.0). Either use a non-wildcard server bind address or add client-mapping entries to the relevant socket-binding for the Remoting connector
[0m[0m17:40:55,234 INFO  [org.jboss.as.mail.extension] (MSC service thread 1-2) WFLYMAIL0002: Unbound mail session [java:jboss/mail/Default]
[0m[0m17:40:55,241 INFO  [org.infinispan.manager.DefaultCacheManager] (ServerService Thread Pool -- 84) Stopping cache manager null on node3
[0m[0m17:40:55,244 INFO  [org.wildfly.extension.undertow] (ServerService Thread Pool -- 86) WFLYUT0022: Unregistered web context: '/reproducer' from server 'default-server'
[0m[0m17:40:55,241 INFO  [org.infinispan.manager.DefaultCacheManager] (ServerService Thread Pool -- 81) Stopping cache manager null on node3
[0m[0m17:40:55,254 INFO  [org.infinispan.CLUSTER] (ServerService Thread Pool -- 81) ISPN000080: Disconnecting JGroups channel ejb
[0m[0m17:40:55,254 INFO  [org.infinispan.CLUSTER] (ServerService Thread Pool -- 84) ISPN000080: Disconnecting JGroups channel ejb
[0m[0m17:40:55,267 INFO  [org.jboss.modcluster] (ServerService Thread Pool -- 85) MODCLUSTER000002: Initiating mod_cluster shutdown
[0m[0m17:40:55,277 INFO  [org.jboss.as.connector.subsystems.datasources] (MSC service thread 1-1) WFLYJCA0010: Unbound data source [java:jboss/datasources/ExampleDS]
[0m[0m17:40:55,286 INFO  [org.wildfly.extension.undertow] (MSC service thread 1-1) WFLYUT0019: Host default-host stopping
[0m[0m17:40:55,290 INFO  [org.jboss.as.connector.deployers.jdbc] (MSC service thread 1-3) WFLYJCA0019: Stopped Driver service with driver-name = h2
[0m[0m17:40:55,305 INFO  [org.infinispan.CLUSTER] (ServerService Thread Pool -- 86) [Context=reproducer.war] ISPN100008: Updating cache members list [node1, node2], topology id 33
[0m[0m17:40:55,306 INFO  [org.infinispan.CLUSTER] (ServerService Thread Pool -- 81) [Context=http-remoting-connector] ISPN100008: Updating cache members list [node1, node2], topology id 28
[0m[0m17:40:55,308 INFO  [org.infinispan.CLUSTER] (ServerService Thread Pool -- 87) [Context=default-server] ISPN100008: Updating cache members list [node1, node2], topology id 33
[0m[0m17:40:55,309 INFO  [org.infinispan.CLUSTER] (ServerService Thread Pool -- 86) [Context=reproducer.war] ISPN100002: Starting rebalance with members [node1, node2], phase READ_OLD_WRITE_ALL, topology id 34
[0m[0m17:40:55,309 INFO  [org.infinispan.CLUSTER] (ServerService Thread Pool -- 81) [Context=http-remoting-connector] ISPN100002: Starting rebalance with members [node1, node2], phase READ_OLD_WRITE_ALL, topology id 29
[0m[0m17:40:55,311 INFO  [org.infinispan.CLUSTER] (ServerService Thread Pool -- 87) [Context=default-server] ISPN100002: Starting rebalance with members [node1, node2], phase READ_OLD_WRITE_ALL, topology id 34
[0m[0m17:40:55,325 INFO  [org.jboss.as.clustering.infinispan] (ServerService Thread Pool -- 81) WFLYCLINF0003: Stopped http-remoting-connector cache from ejb container
[0m[0m17:40:55,327 INFO  [org.jboss.as.clustering.infinispan] (ServerService Thread Pool -- 87) WFLYCLINF0003: Stopped default-server cache from web container
[0m[0m17:40:55,329 INFO  [org.jboss.as.clustering.infinispan] (ServerService Thread Pool -- 86) WFLYCLINF0003: Stopped reproducer.war cache from web container
[0m[0m17:40:55,326 INFO  [org.infinispan.CLUSTER] (thread-14,ejb,node3) [Context=http-remoting-connector] ISPN100009: Advancing to rebalance phase READ_ALL_WRITE_ALL, topology id 30
[0m[0m17:40:55,332 INFO  [org.infinispan.CLUSTER] (thread-6,ejb,node3) [Context=default-server] ISPN100009: Advancing to rebalance phase READ_ALL_WRITE_ALL, topology id 35
[0m[0m17:40:55,338 INFO  [org.infinispan.manager.DefaultCacheManager] (ServerService Thread Pool -- 87) Stopping cache manager null on node3
[0m[0m17:40:55,339 INFO  [org.infinispan.manager.DefaultCacheManager] (ServerService Thread Pool -- 86) Stopping cache manager null on node3
[0m[0m17:40:55,340 INFO  [org.infinispan.CLUSTER] (thread-9,ejb,node3) [Context=http-remoting-connector] ISPN100009: Advancing to rebalance phase READ_NEW_WRITE_ALL, topology id 31
[0m[0m17:40:55,345 INFO  [org.infinispan.CLUSTER] (ServerService Thread Pool -- 86) ISPN000080: Disconnecting JGroups channel ejb
[0m[0m17:40:55,345 INFO  [org.infinispan.CLUSTER] (ServerService Thread Pool -- 87) ISPN000080: Disconnecting JGroups channel ejb
[0m[0m17:40:55,460 INFO  [org.wildfly.extension.undertow] (MSC service thread 1-6) WFLYUT0008: Undertow HTTPS listener https suspending
[0m[0m17:40:55,461 INFO  [org.wildfly.extension.undertow] (MSC service thread 1-5) WFLYUT0008: Undertow HTTP listener default suspending
[0m[0m17:40:55,463 INFO  [org.wildfly.extension.undertow] (MSC service thread 1-6) WFLYUT0007: Undertow HTTPS listener https stopped, was bound to 0.0.0.0:8643
[0m[0m17:40:55,467 INFO  [org.wildfly.extension.undertow] (MSC service thread 1-7) WFLYUT0008: Undertow AJP listener ajp suspending
[0m[0m17:40:55,465 INFO  [org.jboss.as.server.deployment] (MSC service thread 1-1) WFLYSRV0028: Stopped deployment reproducer.war (runtime-name: reproducer.war) in 267ms
[0m[0m17:40:55,464 INFO  [org.wildfly.extension.undertow] (MSC service thread 1-5) WFLYUT0007: Undertow HTTP listener default stopped, was bound to 0.0.0.0:8280
[0m[0m17:40:55,477 INFO  [org.wildfly.extension.undertow] (MSC service thread 1-7) WFLYUT0007: Undertow AJP listener ajp stopped, was bound to 0.0.0.0:8209
[0m[0m17:40:55,480 INFO  [org.wildfly.extension.undertow] (MSC service thread 1-3) WFLYUT0004: Undertow 2.2.37.SP2-redhat-00001 stopping
[0m[0m17:40:55,526 INFO  [org.jboss.as] (MSC service thread 1-2) WFLYSRV0050: JBoss EAP 7.4.23.GA (WildFly Core 15.0.43.Final-redhat-00001) stopped in 330ms
[0m[0m17:40:55,532 INFO  [org.jboss.as] (MSC service thread 1-1) WFLYSRV0049: JBoss EAP 7.4.23.GA (WildFly Core 15.0.43.Final-redhat-00001) starting
[0m[0m17:40:55,651 INFO  [org.jboss.as.controller.management-deprecated] (ServerService Thread Pool -- 19) WFLYCTL0033: Extension 'security' is deprecated and may not be supported in future versions
[0m[0m17:40:55,698 INFO  [org.jboss.as.controller.management-deprecated] (Controller Boot Thread) WFLYCTL0028: Attribute 'security-realm' in the resource at address '/core-service=management/management-interface=http-interface' is deprecated, and may be removed in a future version. See the attribute description in the output of the read-resource-description operation to learn more about the deprecation.
[0m[0m17:40:55,736 INFO  [org.jboss.as.controller.management-deprecated] (ServerService Thread Pool -- 37) WFLYCTL0028: Attribute 'security-realm' in the resource at address '/subsystem=undertow/server=default-server/https-listener=https' is deprecated, and may be removed in a future version. See the attribute description in the output of the read-resource-description operation to learn more about the deprecation.
[0m[0m17:40:55,808 INFO  [org.jboss.as.server] (Controller Boot Thread) WFLYSRV0039: Creating http management service using socket-binding (management-http)
[0m[0m17:40:55,826 INFO  [org.jboss.as.connector.subsystems.datasources] (ServerService Thread Pool -- 44) WFLYJCA0004: Deploying JDBC-compliant driver class org.h2.Driver (version 1.4)
[0m[0m17:40:55,828 INFO  [org.wildfly.extension.health] (ServerService Thread Pool -- 52) WFLYHEALTH0001: Activating Base Health Subsystem
[0m[0m17:40:55,828 INFO  [org.jboss.as.clustering.infinispan] (ServerService Thread Pool -- 53) WFLYCLINF0001: Activating Infinispan subsystem.
[0m[0m17:40:55,830 INFO  [org.jboss.as.jaxrs] (ServerService Thread Pool -- 55) WFLYRS0016: RESTEasy version 3.15.10.Final-redhat-00001
[0m[0m17:40:55,836 INFO  [org.wildfly.extension.io] (ServerService Thread Pool -- 54) WFLYIO001: Worker 'default' has auto-configured to 24 IO threads with 192 max task threads based on your 12 available processors
[0m[0m17:40:55,836 INFO  [org.jboss.as.clustering.jgroups] (ServerService Thread Pool -- 58) WFLYCLJG0001: Activating JGroups subsystem. JGroups version 4.2.23
[0m[0m17:40:55,837 INFO  [org.jboss.as.connector.deployers.jdbc] (MSC service thread 1-2) WFLYJCA0018: Started Driver service with driver-name = h2
[0m[0m17:40:55,839 INFO  [org.jboss.as.connector] (MSC service thread 1-6) WFLYJCA0009: Starting Jakarta Connectors Subsystem (WildFly/IronJacamar 1.5.21.Final-redhat-00001)
[0m[0m17:40:55,842 INFO  [org.jboss.as.ejb3] (MSC service thread 1-6) WFLYEJB0481: Strict pool slsb-strict-max-pool is using a max instance size of 192 (per class), which is derived from thread worker pool sizing.
[0m[0m17:40:55,841 INFO  [org.jboss.as.ejb3] (MSC service thread 1-2) WFLYEJB0482: Strict pool mdb-strict-max-pool is using a max instance size of 48 (per class), which is derived from the number of CPUs on this host.
[0m[0m17:40:55,844 INFO  [org.jboss.as.naming] (ServerService Thread Pool -- 65) WFLYNAM0001: Activating Naming Subsystem
[0m[0m17:40:55,846 INFO  [org.jboss.as.naming] (MSC service thread 1-4) WFLYNAM0003: Starting Naming Service
[0m[0m17:40:55,849 INFO  [org.wildfly.extension.metrics] (ServerService Thread Pool -- 63) WFLYMETRICS0001: Activating Base Metrics Subsystem
[0m[0m17:40:55,859 INFO  [org.jboss.as.security] (ServerService Thread Pool -- 72) WFLYSEC0002: Activating Security Subsystem
[0m[0m17:40:55,861 INFO  [org.jboss.as.mail.extension] (MSC service thread 1-7) WFLYMAIL0001: Bound mail session [java:jboss/mail/Default]
[0m[0m17:40:55,863 INFO  [org.jboss.as.security] (MSC service thread 1-2) WFLYSEC0001: Current PicketBox version=5.0.3.Final-redhat-00009
[0m[33m17:40:55,864 WARN  [org.jboss.as.txn] (ServerService Thread Pool -- 74) WFLYTX0013: The node-identifier attribute on the /subsystem=transactions is set to the default value. This is a danger for environments running multiple servers. Please make sure the attribute value is unique.
[0m[0m17:40:55,870 INFO  [org.wildfly.extension.undertow] (MSC service thread 1-6) WFLYUT0003: Undertow 2.2.37.SP2-redhat-00001 starting
[0m[0m17:40:55,895 INFO  [org.jboss.as.webservices] (ServerService Thread Pool -- 76) WFLYWS0002: Activating WebServices Extension
[0m[0m17:40:55,908 INFO  [org.wildfly.extension.undertow] (MSC service thread 1-3) WFLYUT0012: Started server default-server.
[0m[0m17:40:55,890 INFO  [org.wildfly.extension.undertow] (ServerService Thread Pool -- 75) WFLYUT0014: Creating file handler for path '/home/mopatil/Documents/EAP_lab/jboss-eap-7.4.0/jboss-eap-7.4/welcome-content' with options [directory-listing: 'false', follow-symlink: 'false', case-sensitive: 'true', safe-symlink-paths: '[]']
[0m[0m17:40:55,913 INFO  [org.wildfly.extension.undertow] (MSC service thread 1-3) Queuing requests.
[0m[0m17:40:55,916 INFO  [org.wildfly.extension.undertow] (MSC service thread 1-3) WFLYUT0018: Host default-host starting
[0m[0m17:40:55,918 INFO  [org.wildfly.extension.undertow] (MSC service thread 1-2) WFLYUT0006: Undertow AJP listener ajp listening on 0.0.0.0:8209
[0m[0m17:40:55,924 INFO  [org.jboss.modcluster] (ServerService Thread Pool -- 78) MODCLUSTER000001: Initializing mod_cluster version 1.4.5.Final-redhat-00001
[0m[0m17:40:55,925 INFO  [org.wildfly.extension.undertow] (MSC service thread 1-8) WFLYUT0006: Undertow HTTP listener default listening on 0.0.0.0:8280
[0m[0m17:40:55,931 INFO  [org.jboss.as.ejb3] (MSC service thread 1-2) WFLYEJB0493: Jakarta Enterprise Beans subsystem suspension complete
[0m[0m17:40:55,927 INFO  [org.jboss.modcluster] (ServerService Thread Pool -- 78) MODCLUSTER000032: Listening to proxy advertisements on /224.0.1.105:23364
[0m[0m17:40:55,941 INFO  [org.jboss.as.connector.subsystems.datasources] (MSC service thread 1-1) WFLYJCA0001: Bound data source [java:jboss/datasources/ExampleDS]
[0m[0m17:40:56,029 INFO  [org.jboss.as.patching] (MSC service thread 1-4) WFLYPAT0050: JBoss EAP cumulative patch ID is: jboss-eap-7.4.23.CP, one-off patches include: none
[0m[0m17:40:56,034 INFO  [org.jboss.as.server.deployment.scanner] (MSC service thread 1-1) WFLYDS0013: Started FileSystemDeploymentService for directory /home/mopatil/Documents/EAP_lab/jboss-eap-7.4.0/jboss-eap-7.4/standalone/deployments
[0m[0m17:40:56,035 INFO  [org.jboss.as.server.deployment] (MSC service thread 1-8) WFLYSRV0027: Starting deployment of "reproducer.war" (runtime-name: "reproducer.war")
[0m[0m17:40:56,073 INFO  [org.wildfly.extension.undertow] (MSC service thread 1-3) WFLYUT0006: Undertow HTTPS listener https listening on 0.0.0.0:8643
[0m[0m17:40:56,075 INFO  [org.jboss.ws.common.management] (MSC service thread 1-5) JBWS022052: Starting JBossWS 5.4.15.Final-redhat-00001 (Apache CXF 3.5.10.redhat-00001) 
[0m[33m17:40:56,333 WARN  [org.jgroups.protocols.UDP] (ServerService Thread Pool -- 78) JGRP000015: the receive buffer of socket ManagedMulticastSocketBinding was set to 20.00MB, but the OS only allocated 4.19MB
[0m[33m17:40:56,334 WARN  [org.jgroups.protocols.UDP] (ServerService Thread Pool -- 78) JGRP000015: the receive buffer of socket ManagedMulticastSocketBinding was set to 25.00MB, but the OS only allocated 4.19MB
[0m[0m17:40:56,440 INFO  [org.infinispan.PERSISTENCE] (ServerService Thread Pool -- 79) ISPN000556: Starting user marshaller 'org.wildfly.clustering.infinispan.marshalling.jboss.JBossMarshaller'
[0m[0m17:40:56,442 INFO  [org.infinispan.PERSISTENCE] (ServerService Thread Pool -- 80) ISPN000556: Starting user marshaller 'org.wildfly.clustering.infinispan.spi.marshalling.InfinispanProtoStreamMarshaller'
[0m[0m17:40:56,447 INFO  [org.infinispan.PERSISTENCE] (ServerService Thread Pool -- 81) ISPN000556: Starting user marshaller 'org.wildfly.clustering.infinispan.spi.marshalling.InfinispanProtoStreamMarshaller'
[0m[0m17:40:56,449 INFO  [org.infinispan.CLUSTER] (ServerService Thread Pool -- 80) ISPN000078: Starting JGroups channel ejb
[0m[0m17:40:56,451 INFO  [org.infinispan.CLUSTER] (ServerService Thread Pool -- 79) ISPN000078: Starting JGroups channel ejb
[0m[0m17:40:56,453 INFO  [org.infinispan.CLUSTER] (ServerService Thread Pool -- 79) ISPN000094: Received new cluster view for channel ejb: [node1|8] (3) [node1, node2, node3]
[0m[0m17:40:56,454 INFO  [org.infinispan.CLUSTER] (ServerService Thread Pool -- 80) ISPN000094: Received new cluster view for channel ejb: [node1|8] (3) [node1, node2, node3]
[0m[0m17:40:56,459 INFO  [org.infinispan.PERSISTENCE] (ServerService Thread Pool -- 82) ISPN000556: Starting user marshaller 'org.wildfly.clustering.infinispan.spi.marshalling.InfinispanProtoStreamMarshaller'
[0m[0m17:40:56,460 INFO  [org.infinispan.CLUSTER] (ServerService Thread Pool -- 81) ISPN000078: Starting JGroups channel ejb
[0m[0m17:40:56,461 INFO  [org.infinispan.CLUSTER] (ServerService Thread Pool -- 81) ISPN000094: Received new cluster view for channel ejb: [node1|8] (3) [node1, node2, node3]
[0m[0m17:40:56,461 INFO  [org.infinispan.CLUSTER] (ServerService Thread Pool -- 79) ISPN000079: Channel ejb local address is node3, physical addresses are [127.0.0.1:55400]
[0m[0m17:40:56,461 INFO  [org.infinispan.CLUSTER] (ServerService Thread Pool -- 80) ISPN000079: Channel ejb local address is node3, physical addresses are [127.0.0.1:55400]
[0m[0m17:40:56,469 INFO  [org.infinispan.CLUSTER] (ServerService Thread Pool -- 81) ISPN000079: Channel ejb local address is node3, physical addresses are [127.0.0.1:55400]
[0m[0m17:40:56,469 INFO  [org.infinispan.CLUSTER] (ServerService Thread Pool -- 82) ISPN000078: Starting JGroups channel ejb
[0m[0m17:40:56,470 INFO  [org.infinispan.CLUSTER] (ServerService Thread Pool -- 82) ISPN000094: Received new cluster view for channel ejb: [node1|8] (3) [node1, node2, node3]
[0m[0m17:40:56,476 INFO  [org.infinispan.CLUSTER] (ServerService Thread Pool -- 82) ISPN000079: Channel ejb local address is node3, physical addresses are [127.0.0.1:55400]
[0m[0m17:40:56,480 INFO  [org.infinispan.CONFIG] (MSC service thread 1-6) ISPN000152: Passivation configured without an eviction policy being selected. Only manually evicted entities will be passivated.
[0m[0m17:40:56,482 INFO  [org.infinispan.CONFIG] (MSC service thread 1-6) ISPN000152: Passivation configured without an eviction policy being selected. Only manually evicted entities will be passivated.
[0m[0m17:40:56,487 INFO  [org.infinispan.CONFIG] (MSC service thread 1-1) ISPN000152: Passivation configured without an eviction policy being selected. Only manually evicted entities will be passivated.
[0m[0m17:40:56,491 INFO  [org.infinispan.CONFIG] (MSC service thread 1-1) ISPN000152: Passivation configured without an eviction policy being selected. Only manually evicted entities will be passivated.
[0m[0m17:40:56,562 INFO  [org.jboss.as.clustering.infinispan] (ServerService Thread Pool -- 82) WFLYCLINF0002: Started http-remoting-connector cache from ejb container
[0m[0m17:40:56,563 INFO  [org.jboss.as.clustering.infinispan] (ServerService Thread Pool -- 81) WFLYCLINF0002: Started default-server cache from web container
[0m[0m17:40:56,564 INFO  [org.jboss.as.clustering.infinispan] (ServerService Thread Pool -- 79) WFLYCLINF0002: Started reproducer.war cache from web container
[0m[0m17:40:56,705 INFO  [org.wildfly.extension.undertow] (ServerService Thread Pool -- 82) WFLYUT0021: Registered web context: '/reproducer' for server 'default-server'
[0m[0m17:40:56,790 INFO  [org.jboss.as.server] (ServerService Thread Pool -- 45) WFLYSRV0010: Deployed "reproducer.war" (runtime-name : "reproducer.war")
[0m[0m17:40:56,858 INFO  [org.jboss.as.server] (Controller Boot Thread) WFLYSRV0212: Resuming server
[0m[0m17:40:56,864 INFO  [org.jboss.as] (Controller Boot Thread) WFLYSRV0025: JBoss EAP 7.4.23.GA (WildFly Core 15.0.43.Final-redhat-00001) started in 1327ms - Started 548 of 748 services (462 services are lazy, passive or on-demand)
[0m[0m17:40:56,867 INFO  [org.jboss.as] (Controller Boot Thread) WFLYSRV0060: Http management interface listening on http://127.0.0.1:10190/management
[0m[0m17:40:56,867 INFO  [org.jboss.as] (Controller Boot Thread) WFLYSRV0051: Admin console listening on http://127.0.0.1:10190
[0m[0m17:41:31,860 INFO  [org.infinispan.CLUSTER] (thread-11,ejb,node3) ISPN000094: Received new cluster view for channel ejb: [node2|9] (2) [node2, node3]
[0m[0m17:41:31,862 INFO  [org.infinispan.CLUSTER] (thread-11,ejb,node3) ISPN100001: Node node1 left the cluster
[0m[0m17:41:31,864 INFO  [org.infinispan.CLUSTER] (thread-11,ejb,node3) ISPN000094: Received new cluster view for channel ejb: [node2|9] (2) [node2, node3]
[0m[0m17:41:31,865 INFO  [org.infinispan.CLUSTER] (thread-11,ejb,node3) ISPN100001: Node node1 left the cluster
[0m[0m17:41:31,867 INFO  [org.infinispan.CLUSTER] (thread-11,ejb,node3) ISPN000094: Received new cluster view for channel ejb: [node2|9] (2) [node2, node3]
[0m[0m17:41:31,868 INFO  [org.infinispan.CLUSTER] (thread-11,ejb,node3) ISPN100001: Node node1 left the cluster
[0m[0m17:41:31,870 INFO  [org.infinispan.CLUSTER] (thread-11,ejb,node3) ISPN000094: Received new cluster view for channel ejb: [node2|9] (2) [node2, node3]
[0m[0m17:41:31,871 INFO  [org.infinispan.CLUSTER] (thread-11,ejb,node3) ISPN100001: Node node1 left the cluster
[0m[0m17:41:33,235 INFO  [com.redhat.reproducer.SessionReproducerServlet] (default task-2) Node=node3 SessionID=U_HgIWb88N0DPWVuTyOiROZBgkvvAt-8SU-Ri-5g Counter=8 New=false
[0m[0m17:41:33,749 INFO  [org.infinispan.CLUSTER] (VERIFY_SUSPECT.TimerThread-14,ejb,node3) ISPN000094: Received new cluster view for channel ejb: [node3|10] (1) [node3]
[0m[0m17:41:33,751 INFO  [org.infinispan.CLUSTER] (VERIFY_SUSPECT.TimerThread-14,ejb,node3) ISPN100001: Node node2 left the cluster
[0m[0m17:41:33,753 INFO  [org.infinispan.CLUSTER] (VERIFY_SUSPECT.TimerThread-14,ejb,node3) ISPN000094: Received new cluster view for channel ejb: [node3|10] (1) [node3]
[0m[0m17:41:33,754 INFO  [org.infinispan.CLUSTER] (VERIFY_SUSPECT.TimerThread-14,ejb,node3) ISPN100001: Node node2 left the cluster
[0m[0m17:41:33,754 INFO  [org.infinispan.CLUSTER] (VERIFY_SUSPECT.TimerThread-14,ejb,node3) ISPN000094: Received new cluster view for channel ejb: [node3|10] (1) [node3]
[0m[0m17:41:33,757 INFO  [org.infinispan.CLUSTER] (VERIFY_SUSPECT.TimerThread-14,ejb,node3) ISPN100001: Node node2 left the cluster
[0m[0m17:41:33,759 INFO  [org.infinispan.CLUSTER] (VERIFY_SUSPECT.TimerThread-14,ejb,node3) ISPN000094: Received new cluster view for channel ejb: [node3|10] (1) [node3]
[0m[0m17:41:33,760 INFO  [org.infinispan.CLUSTER] (VERIFY_SUSPECT.TimerThread-14,ejb,node3) ISPN100001: Node node2 left the cluster
[0m[0m17:41:33,760 INFO  [org.infinispan.CLUSTER] (non-blocking-thread--p32-t1) [Context=default-server] ISPN100007: After merge (or coordinator change), recovered members [node2, node3] with topology id 51
[0m[0m17:41:33,760 INFO  [org.infinispan.CLUSTER] (non-blocking-thread--p32-t23) [Context=reproducer.war] ISPN100007: After merge (or coordinator change), recovered members [node2, node3] with topology id 50
[0m[0m17:41:33,762 INFO  [org.infinispan.CLUSTER] (non-blocking-thread--p27-t2) [Context=http-remoting-connector] ISPN100007: After merge (or coordinator change), recovered members [node2, node3] with topology id 43
[0m[0m17:41:33,763 INFO  [org.infinispan.CLUSTER] (non-blocking-thread--p32-t23) [Context=reproducer.war] ISPN100008: Updating cache members list [node3], topology id 51
[0m[0m17:41:33,764 INFO  [org.infinispan.CLUSTER] (non-blocking-thread--p32-t1) [Context=default-server] ISPN100008: Updating cache members list [node3], topology id 52
[0m[0m17:41:33,765 INFO  [org.infinispan.CLUSTER] (non-blocking-thread--p27-t2) [Context=http-remoting-connector] ISPN100008: Updating cache members list [node3], topology id 44
[0m[0m17:41:34,578 INFO  [com.redhat.reproducer.SessionReproducerServlet] (default task-14) Node=node3 SessionID=U_HgIWb88N0DPWVuTyOiROZBgkvvAt-8SU-Ri-5g Counter=9 New=false
[0m[0m17:41:35,404 INFO  [com.redhat.reproducer.SessionReproducerServlet] (default task-22) Node=node3 SessionID=U_HgIWb88N0DPWVuTyOiROZBgkvvAt-8SU-Ri-5g Counter=10 New=false
[0m[0m17:41:36,216 INFO  [com.redhat.reproducer.SessionReproducerServlet] (default task-27) Node=node3 SessionID=U_HgIWb88N0DPWVuTyOiROZBgkvvAt-8SU-Ri-5g Counter=11 New=false
[0m[0m17:41:37,024 INFO  [com.redhat.reproducer.SessionReproducerServlet] (default task-12) Node=node3 SessionID=U_HgIWb88N0DPWVuTyOiROZBgkvvAt-8SU-Ri-5g Counter=12 New=false
[0m[0m17:41:37,831 INFO  [com.redhat.reproducer.SessionReproducerServlet] (default task-10) Node=node3 SessionID=U_HgIWb88N0DPWVuTyOiROZBgkvvAt-8SU-Ri-5g Counter=13 New=false
[0m[0m17:41:38,639 INFO  [com.redhat.reproducer.SessionReproducerServlet] (default task-3) Node=node3 SessionID=U_HgIWb88N0DPWVuTyOiROZBgkvvAt-8SU-Ri-5g Counter=14 New=false
[0m[0m17:41:39,449 INFO  [com.redhat.reproducer.SessionReproducerServlet] (default task-24) Node=node3 SessionID=U_HgIWb88N0DPWVuTyOiROZBgkvvAt-8SU-Ri-5g Counter=15 New=false
[0m[0m17:41:40,256 INFO  [com.redhat.reproducer.SessionReproducerServlet] (default task-23) Node=node3 SessionID=U_HgIWb88N0DPWVuTyOiROZBgkvvAt-8SU-Ri-5g Counter=16 New=false
[0m[0m17:41:41,063 INFO  [com.redhat.reproducer.SessionReproducerServlet] (default task-4) Node=node3 SessionID=U_HgIWb88N0DPWVuTyOiROZBgkvvAt-8SU-Ri-5g Counter=17 New=false
[0m[0m17:41:41,878 INFO  [com.redhat.reproducer.SessionReproducerServlet] (default task-7) Node=node3 SessionID=U_HgIWb88N0DPWVuTyOiROZBgkvvAt-8SU-Ri-5g Counter=18 New=false
[0m[0m17:41:42,685 INFO  [com.redhat.reproducer.SessionReproducerServlet] (default task-30) Node=node3 SessionID=U_HgIWb88N0DPWVuTyOiROZBgkvvAt-8SU-Ri-5g Counter=19 New=false
[0m[0m17:41:43,493 INFO  [com.redhat.reproducer.SessionReproducerServlet] (default task-26) Node=node3 SessionID=U_HgIWb88N0DPWVuTyOiROZBgkvvAt-8SU-Ri-5g Counter=20 New=false
[0m[0m17:41:44,300 INFO  [com.redhat.reproducer.SessionReproducerServlet] (default task-1) Node=node3 SessionID=U_HgIWb88N0DPWVuTyOiROZBgkvvAt-8SU-Ri-5g Counter=21 New=false
[0m[0m17:41:45,108 INFO  [com.redhat.reproducer.SessionReproducerServlet] (default task-29) Node=node3 SessionID=U_HgIWb88N0DPWVuTyOiROZBgkvvAt-8SU-Ri-5g Counter=22 New=false
[0m[0m17:41:45,916 INFO  [com.redhat.reproducer.SessionReproducerServlet] (default task-16) Node=node3 SessionID=U_HgIWb88N0DPWVuTyOiROZBgkvvAt-8SU-Ri-5g Counter=23 New=false
[0m[0m17:41:46,724 INFO  [com.redhat.reproducer.SessionReproducerServlet] (default task-8) Node=node3 SessionID=U_HgIWb88N0DPWVuTyOiROZBgkvvAt-8SU-Ri-5g Counter=24 New=false
[0m[31m17:41:47,356 ERROR [org.infinispan.interceptors.impl.InvocationContextInterceptor] (non-blocking-thread--p32-t6) ISPN000136: Error executing command GetKeyValueCommand on Cache 'reproducer.war', writing keys []: org.infinispan.util.concurrent.TimeoutException: ISPN000299: Unable to acquire lock after 15 seconds for key SessionCreationMetaDataKey(U_HgIWb88N0DPWVuTyOiROZBgkvvAt-8SU-Ri-5g) and requestor GlobalTransaction{id=29, addr=node3, remote=false, xid=null, internalId=-1}. Lock is held by GlobalTransaction{id=24, addr=node3, remote=false, xid=null, internalId=-1}
	at org.infinispan//org.infinispan.util.concurrent.locks.impl.DefaultLockManager$KeyAwareExtendedLockPromise.get(DefaultLockManager.java:292)
	at org.infinispan//org.infinispan.util.concurrent.locks.impl.DefaultLockManager$KeyAwareExtendedLockPromise.get(DefaultLockManager.java:222)
	at org.infinispan//org.infinispan.util.concurrent.locks.impl.InfinispanLock$LockPlaceHolder.checkState(InfinispanLock.java:440)
	at org.infinispan//org.infinispan.util.concurrent.locks.impl.InfinispanLock$LockPlaceHolder.lambda$toInvocationStage$3(InfinispanLock.java:416)
	at java.base/java.util.concurrent.CompletableFuture$UniApply.tryFire(CompletableFuture.java:642)
	at java.base/java.util.concurrent.CompletableFuture$Completion.run(CompletableFuture.java:478)
	at java.base/java.util.concurrent.ThreadPoolExecutor.runWorker(ThreadPoolExecutor.java:1128)
	at java.base/java.util.concurrent.ThreadPoolExecutor$Worker.run(ThreadPoolExecutor.java:628)
	at org.jboss.as.clustering.common@7.4.23.GA-redhat-00002//org.jboss.as.clustering.context.ContextReferenceExecutor.execute(ContextReferenceExecutor.java:49)
	at org.jboss.as.clustering.common@7.4.23.GA-redhat-00002//org.jboss.as.clustering.context.ContextualExecutor$1.run(ContextualExecutor.java:70)
	at java.base/java.lang.Thread.run(Thread.java:829)

[0m[31m17:41:47,356 ERROR [org.infinispan.interceptors.impl.InvocationContextInterceptor] (non-blocking-thread--p32-t2) ISPN000136: Error executing command GetKeyValueCommand on Cache 'reproducer.war', writing keys []: org.infinispan.util.concurrent.TimeoutException: ISPN000299: Unable to acquire lock after 15 seconds for key SessionCreationMetaDataKey(U_HgIWb88N0DPWVuTyOiROZBgkvvAt-8SU-Ri-5g) and requestor GlobalTransaction{id=26, addr=node3, remote=false, xid=null, internalId=-1}. Lock is held by GlobalTransaction{id=24, addr=node3, remote=false, xid=null, internalId=-1}
	at org.infinispan//org.infinispan.util.concurrent.locks.impl.DefaultLockManager$KeyAwareExtendedLockPromise.get(DefaultLockManager.java:292)
	at org.infinispan//org.infinispan.util.concurrent.locks.impl.DefaultLockManager$KeyAwareExtendedLockPromise.get(DefaultLockManager.java:222)
	at org.infinispan//org.infinispan.util.concurrent.locks.impl.InfinispanLock$LockPlaceHolder.checkState(InfinispanLock.java:440)
	at org.infinispan//org.infinispan.util.concurrent.locks.impl.InfinispanLock$LockPlaceHolder.lambda$toInvocationStage$3(InfinispanLock.java:416)
	at java.base/java.util.concurrent.CompletableFuture$UniApply.tryFire(CompletableFuture.java:642)
	at java.base/java.util.concurrent.CompletableFuture$Completion.run(CompletableFuture.java:478)
	at java.base/java.util.concurrent.ThreadPoolExecutor.runWorker(ThreadPoolExecutor.java:1128)
	at java.base/java.util.concurrent.ThreadPoolExecutor$Worker.run(ThreadPoolExecutor.java:628)
	at org.jboss.as.clustering.common@7.4.23.GA-redhat-00002//org.jboss.as.clustering.context.ContextReferenceExecutor.execute(ContextReferenceExecutor.java:49)
	at org.jboss.as.clustering.common@7.4.23.GA-redhat-00002//org.jboss.as.clustering.context.ContextualExecutor$1.run(ContextualExecutor.java:70)
	at java.base/java.lang.Thread.run(Thread.java:829)

[0m[31m17:41:47,356 ERROR [org.infinispan.interceptors.impl.InvocationContextInterceptor] (non-blocking-thread--p32-t4) ISPN000136: Error executing command GetKeyValueCommand on Cache 'reproducer.war', writing keys []: org.infinispan.util.concurrent.TimeoutException: ISPN000299: Unable to acquire lock after 15 seconds for key SessionCreationMetaDataKey(U_HgIWb88N0DPWVuTyOiROZBgkvvAt-8SU-Ri-5g) and requestor GlobalTransaction{id=31, addr=node3, remote=false, xid=null, internalId=-1}. Lock is held by GlobalTransaction{id=24, addr=node3, remote=false, xid=null, internalId=-1}
	at org.infinispan//org.infinispan.util.concurrent.locks.impl.DefaultLockManager$KeyAwareExtendedLockPromise.get(DefaultLockManager.java:292)
	at org.infinispan//org.infinispan.util.concurrent.locks.impl.DefaultLockManager$KeyAwareExtendedLockPromise.get(DefaultLockManager.java:222)
	at org.infinispan//org.infinispan.util.concurrent.locks.impl.InfinispanLock$LockPlaceHolder.checkState(InfinispanLock.java:440)
	at org.infinispan//org.infinispan.util.concurrent.locks.impl.InfinispanLock$LockPlaceHolder.lambda$toInvocationStage$3(InfinispanLock.java:416)
	at java.base/java.util.concurrent.CompletableFuture$UniApply.tryFire(CompletableFuture.java:642)
	at java.base/java.util.concurrent.CompletableFuture$Completion.run(CompletableFuture.java:478)
	at java.base/java.util.concurrent.ThreadPoolExecutor.runWorker(ThreadPoolExecutor.java:1128)
	at java.base/java.util.concurrent.ThreadPoolExecutor$Worker.run(ThreadPoolExecutor.java:628)
	at org.jboss.as.clustering.common@7.4.23.GA-redhat-00002//org.jboss.as.clustering.context.ContextReferenceExecutor.execute(ContextReferenceExecutor.java:49)
	at org.jboss.as.clustering.common@7.4.23.GA-redhat-00002//org.jboss.as.clustering.context.ContextualExecutor$1.run(ContextualExecutor.java:70)
	at java.base/java.lang.Thread.run(Thread.java:829)

[0m[31m17:41:47,358 ERROR [org.infinispan.interceptors.impl.InvocationContextInterceptor] (non-blocking-thread--p32-t3) ISPN000136: Error executing command GetKeyValueCommand on Cache 'reproducer.war', writing keys []: org.infinispan.util.concurrent.TimeoutException: ISPN000299: Unable to acquire lock after 15 seconds for key SessionCreationMetaDataKey(U_HgIWb88N0DPWVuTyOiROZBgkvvAt-8SU-Ri-5g) and requestor GlobalTransaction{id=34, addr=node3, remote=false, xid=null, internalId=-1}. Lock is held by GlobalTransaction{id=24, addr=node3, remote=false, xid=null, internalId=-1}
	at org.infinispan//org.infinispan.util.concurrent.locks.impl.DefaultLockManager$KeyAwareExtendedLockPromise.get(DefaultLockManager.java:292)
	at org.infinispan//org.infinispan.util.concurrent.locks.impl.DefaultLockManager$KeyAwareExtendedLockPromise.get(DefaultLockManager.java:222)
	at org.infinispan//org.infinispan.util.concurrent.locks.impl.InfinispanLock$LockPlaceHolder.checkState(InfinispanLock.java:440)
	at org.infinispan//org.infinispan.util.concurrent.locks.impl.InfinispanLock$LockPlaceHolder.lambda$toInvocationStage$3(InfinispanLock.java:416)
	at java.base/java.util.concurrent.CompletableFuture$UniApply.tryFire(CompletableFuture.java:642)
	at java.base/java.util.concurrent.CompletableFuture$Completion.run(CompletableFuture.java:478)
	at java.base/java.util.concurrent.ThreadPoolExecutor.runWorker(ThreadPoolExecutor.java:1128)
	at java.base/java.util.concurrent.ThreadPoolExecutor$Worker.run(ThreadPoolExecutor.java:628)
	at org.jboss.as.clustering.common@7.4.23.GA-redhat-00002//org.jboss.as.clustering.context.ContextReferenceExecutor.execute(ContextReferenceExecutor.java:49)
	at org.jboss.as.clustering.common@7.4.23.GA-redhat-00002//org.jboss.as.clustering.context.ContextualExecutor$1.run(ContextualExecutor.java:70)
	at java.base/java.lang.Thread.run(Thread.java:829)

[0m[31m17:41:47,358 ERROR [org.infinispan.interceptors.impl.InvocationContextInterceptor] (non-blocking-thread--p32-t10) ISPN000136: Error executing command GetKeyValueCommand on Cache 'reproducer.war', writing keys []: org.infinispan.util.concurrent.TimeoutException: ISPN000299: Unable to acquire lock after 15 seconds for key SessionCreationMetaDataKey(U_HgIWb88N0DPWVuTyOiROZBgkvvAt-8SU-Ri-5g) and requestor GlobalTransaction{id=35, addr=node3, remote=false, xid=null, internalId=-1}. Lock is held by GlobalTransaction{id=24, addr=node3, remote=false, xid=null, internalId=-1}
	at org.infinispan//org.infinispan.util.concurrent.locks.impl.DefaultLockManager$KeyAwareExtendedLockPromise.get(DefaultLockManager.java:292)
	at org.infinispan//org.infinispan.util.concurrent.locks.impl.DefaultLockManager$KeyAwareExtendedLockPromise.get(DefaultLockManager.java:222)
	at org.infinispan//org.infinispan.util.concurrent.locks.impl.InfinispanLock$LockPlaceHolder.checkState(InfinispanLock.java:440)
	at org.infinispan//org.infinispan.util.concurrent.locks.impl.InfinispanLock$LockPlaceHolder.lambda$toInvocationStage$3(InfinispanLock.java:416)
	at java.base/java.util.concurrent.CompletableFuture$UniApply.tryFire(CompletableFuture.java:642)
	at java.base/java.util.concurrent.CompletableFuture$Completion.run(CompletableFuture.java:478)
	at java.base/java.util.concurrent.ThreadPoolExecutor.runWorker(ThreadPoolExecutor.java:1128)
	at java.base/java.util.concurrent.ThreadPoolExecutor$Worker.run(ThreadPoolExecutor.java:628)
	at org.jboss.as.clustering.common@7.4.23.GA-redhat-00002//org.jboss.as.clustering.context.ContextReferenceExecutor.execute(ContextReferenceExecutor.java:49)
	at org.jboss.as.clustering.common@7.4.23.GA-redhat-00002//org.jboss.as.clustering.context.ContextualExecutor$1.run(ContextualExecutor.java:70)
	at java.base/java.lang.Thread.run(Thread.java:829)

[0m[31m17:41:47,359 ERROR [org.infinispan.interceptors.impl.InvocationContextInterceptor] (non-blocking-thread--p32-t11) ISPN000136: Error executing command GetKeyValueCommand on Cache 'reproducer.war', writing keys []: org.infinispan.util.concurrent.TimeoutException: ISPN000299: Unable to acquire lock after 15 seconds for key SessionCreationMetaDataKey(U_HgIWb88N0DPWVuTyOiROZBgkvvAt-8SU-Ri-5g) and requestor GlobalTransaction{id=36, addr=node3, remote=false, xid=null, internalId=-1}. Lock is held by GlobalTransaction{id=24, addr=node3, remote=false, xid=null, internalId=-1}
	at org.infinispan//org.infinispan.util.concurrent.locks.impl.DefaultLockManager$KeyAwareExtendedLockPromise.get(DefaultLockManager.java:292)
	at org.infinispan//org.infinispan.util.concurrent.locks.impl.DefaultLockManager$KeyAwareExtendedLockPromise.get(DefaultLockManager.java:222)
	at org.infinispan//org.infinispan.util.concurrent.locks.impl.InfinispanLock$LockPlaceHolder.checkState(InfinispanLock.java:440)
	at org.infinispan//org.infinispan.util.concurrent.locks.impl.InfinispanLock$LockPlaceHolder.lambda$toInvocationStage$3(InfinispanLock.java:416)
	at java.base/java.util.concurrent.CompletableFuture$UniApply.tryFire(CompletableFuture.java:642)
	at java.base/java.util.concurrent.CompletableFuture$Completion.run(CompletableFuture.java:478)
	at java.base/java.util.concurrent.ThreadPoolExecutor.runWorker(ThreadPoolExecutor.java:1128)
	at java.base/java.util.concurrent.ThreadPoolExecutor$Worker.run(ThreadPoolExecutor.java:628)
	at org.jboss.as.clustering.common@7.4.23.GA-redhat-00002//org.jboss.as.clustering.context.ContextReferenceExecutor.execute(ContextReferenceExecutor.java:49)
	at org.jboss.as.clustering.common@7.4.23.GA-redhat-00002//org.jboss.as.clustering.context.ContextualExecutor$1.run(ContextualExecutor.java:70)
	at java.base/java.lang.Thread.run(Thread.java:829)

[0m[31m17:41:47,358 ERROR [org.infinispan.interceptors.impl.InvocationContextInterceptor] (non-blocking-thread--p32-t9) ISPN000136: Error executing command GetKeyValueCommand on Cache 'reproducer.war', writing keys []: org.infinispan.util.concurrent.TimeoutException: ISPN000299: Unable to acquire lock after 15 seconds for key SessionCreationMetaDataKey(U_HgIWb88N0DPWVuTyOiROZBgkvvAt-8SU-Ri-5g) and requestor GlobalTransaction{id=33, addr=node3, remote=false, xid=null, internalId=-1}. Lock is held by GlobalTransaction{id=24, addr=node3, remote=false, xid=null, internalId=-1}
	at org.infinispan//org.infinispan.util.concurrent.locks.impl.DefaultLockManager$KeyAwareExtendedLockPromise.get(DefaultLockManager.java:292)
	at org.infinispan//org.infinispan.util.concurrent.locks.impl.DefaultLockManager$KeyAwareExtendedLockPromise.get(DefaultLockManager.java:222)
	at org.infinispan//org.infinispan.util.concurrent.locks.impl.InfinispanLock$LockPlaceHolder.checkState(InfinispanLock.java:440)
	at org.infinispan//org.infinispan.util.concurrent.locks.impl.InfinispanLock$LockPlaceHolder.lambda$toInvocationStage$3(InfinispanLock.java:416)
	at java.base/java.util.concurrent.CompletableFuture$UniApply.tryFire(CompletableFuture.java:642)
	at java.base/java.util.concurrent.CompletableFuture$Completion.run(CompletableFuture.java:478)
	at java.base/java.util.concurrent.ThreadPoolExecutor.runWorker(ThreadPoolExecutor.java:1128)
	at java.base/java.util.concurrent.ThreadPoolExecutor$Worker.run(ThreadPoolExecutor.java:628)
	at org.jboss.as.clustering.common@7.4.23.GA-redhat-00002//org.jboss.as.clustering.context.ContextReferenceExecutor.execute(ContextReferenceExecutor.java:49)
	at org.jboss.as.clustering.common@7.4.23.GA-redhat-00002//org.jboss.as.clustering.context.ContextualExecutor$1.run(ContextualExecutor.java:70)
	at java.base/java.lang.Thread.run(Thread.java:829)

[0m[31m17:41:47,356 ERROR [org.infinispan.interceptors.impl.InvocationContextInterceptor] (non-blocking-thread--p32-t8) ISPN000136: Error executing command GetKeyValueCommand on Cache 'reproducer.war', writing keys []: org.infinispan.util.concurrent.TimeoutException: ISPN000299: Unable to acquire lock after 15 seconds for key SessionCreationMetaDataKey(U_HgIWb88N0DPWVuTyOiROZBgkvvAt-8SU-Ri-5g) and requestor GlobalTransaction{id=30, addr=node3, remote=false, xid=null, internalId=-1}. Lock is held by GlobalTransaction{id=24, addr=node3, remote=false, xid=null, internalId=-1}
	at org.infinispan//org.infinispan.util.concurrent.locks.impl.DefaultLockManager$KeyAwareExtendedLockPromise.get(DefaultLockManager.java:292)
	at org.infinispan//org.infinispan.util.concurrent.locks.impl.DefaultLockManager$KeyAwareExtendedLockPromise.get(DefaultLockManager.java:222)
	at org.infinispan//org.infinispan.util.concurrent.locks.impl.InfinispanLock$LockPlaceHolder.checkState(InfinispanLock.java:440)
	at org.infinispan//org.infinispan.util.concurrent.locks.impl.InfinispanLock$LockPlaceHolder.lambda$toInvocationStage$3(InfinispanLock.java:416)
	at java.base/java.util.concurrent.CompletableFuture$UniApply.tryFire(CompletableFuture.java:642)
	at java.base/java.util.concurrent.CompletableFuture$Completion.run(CompletableFuture.java:478)
	at java.base/java.util.concurrent.ThreadPoolExecutor.runWorker(ThreadPoolExecutor.java:1128)
	at java.base/java.util.concurrent.ThreadPoolExecutor$Worker.run(ThreadPoolExecutor.java:628)
	at org.jboss.as.clustering.common@7.4.23.GA-redhat-00002//org.jboss.as.clustering.context.ContextReferenceExecutor.execute(ContextReferenceExecutor.java:49)
	at org.jboss.as.clustering.common@7.4.23.GA-redhat-00002//org.jboss.as.clustering.context.ContextualExecutor$1.run(ContextualExecutor.java:70)
	at java.base/java.lang.Thread.run(Thread.java:829)

[0m[31m17:41:47,356 ERROR [org.infinispan.interceptors.impl.InvocationContextInterceptor] (non-blocking-thread--p32-t22) ISPN000136: Error executing command GetKeyValueCommand on Cache 'reproducer.war', writing keys []: org.infinispan.util.concurrent.TimeoutException: ISPN000299: Unable to acquire lock after 15 seconds for key SessionCreationMetaDataKey(U_HgIWb88N0DPWVuTyOiROZBgkvvAt-8SU-Ri-5g) and requestor GlobalTransaction{id=25, addr=node3, remote=false, xid=null, internalId=-1}. Lock is held by GlobalTransaction{id=24, addr=node3, remote=false, xid=null, internalId=-1}
	at org.infinispan//org.infinispan.util.concurrent.locks.impl.DefaultLockManager$KeyAwareExtendedLockPromise.get(DefaultLockManager.java:292)
	at org.infinispan//org.infinispan.util.concurrent.locks.impl.DefaultLockManager$KeyAwareExtendedLockPromise.get(DefaultLockManager.java:222)
	at org.infinispan//org.infinispan.util.concurrent.locks.impl.InfinispanLock$LockPlaceHolder.checkState(InfinispanLock.java:440)
	at org.infinispan//org.infinispan.util.concurrent.locks.impl.InfinispanLock$LockPlaceHolder.lambda$toInvocationStage$3(InfinispanLock.java:416)
	at java.base/java.util.concurrent.CompletableFuture$UniApply.tryFire(CompletableFuture.java:642)
	at java.base/java.util.concurrent.CompletableFuture$Completion.run(CompletableFuture.java:478)
	at java.base/java.util.concurrent.ThreadPoolExecutor.runWorker(ThreadPoolExecutor.java:1128)
	at java.base/java.util.concurrent.ThreadPoolExecutor$Worker.run(ThreadPoolExecutor.java:628)
	at org.jboss.as.clustering.common@7.4.23.GA-redhat-00002//org.jboss.as.clustering.context.ContextReferenceExecutor.execute(ContextReferenceExecutor.java:49)
	at org.jboss.as.clustering.common@7.4.23.GA-redhat-00002//org.jboss.as.clustering.context.ContextualExecutor$1.run(ContextualExecutor.java:70)
	at java.base/java.lang.Thread.run(Thread.java:829)

[0m[31m17:41:47,356 ERROR [org.infinispan.interceptors.impl.InvocationContextInterceptor] (non-blocking-thread--p32-t7) ISPN000136: Error executing command GetKeyValueCommand on Cache 'reproducer.war', writing keys []: org.infinispan.util.concurrent.TimeoutException: ISPN000299: Unable to acquire lock after 15 seconds for key SessionCreationMetaDataKey(U_HgIWb88N0DPWVuTyOiROZBgkvvAt-8SU-Ri-5g) and requestor GlobalTransaction{id=28, addr=node3, remote=false, xid=null, internalId=-1}. Lock is held by GlobalTransaction{id=24, addr=node3, remote=false, xid=null, internalId=-1}
	at org.infinispan//org.infinispan.util.concurrent.locks.impl.DefaultLockManager$KeyAwareExtendedLockPromise.get(DefaultLockManager.java:292)
	at org.infinispan//org.infinispan.util.concurrent.locks.impl.DefaultLockManager$KeyAwareExtendedLockPromise.get(DefaultLockManager.java:222)
	at org.infinispan//org.infinispan.util.concurrent.locks.impl.InfinispanLock$LockPlaceHolder.checkState(InfinispanLock.java:440)
	at org.infinispan//org.infinispan.util.concurrent.locks.impl.InfinispanLock$LockPlaceHolder.lambda$toInvocationStage$3(InfinispanLock.java:416)
	at java.base/java.util.concurrent.CompletableFuture$UniApply.tryFire(CompletableFuture.java:642)
	at java.base/java.util.concurrent.CompletableFuture$Completion.run(CompletableFuture.java:478)
	at java.base/java.util.concurrent.ThreadPoolExecutor.runWorker(ThreadPoolExecutor.java:1128)
	at java.base/java.util.concurrent.ThreadPoolExecutor$Worker.run(ThreadPoolExecutor.java:628)
	at org.jboss.as.clustering.common@7.4.23.GA-redhat-00002//org.jboss.as.clustering.context.ContextReferenceExecutor.execute(ContextReferenceExecutor.java:49)
	at org.jboss.as.clustering.common@7.4.23.GA-redhat-00002//org.jboss.as.clustering.context.ContextualExecutor$1.run(ContextualExecutor.java:70)
	at java.base/java.lang.Thread.run(Thread.java:829)

[0m[31m17:41:47,356 ERROR [org.infinispan.interceptors.impl.InvocationContextInterceptor] (non-blocking-thread--p32-t24) ISPN000136: Error executing command GetKeyValueCommand on Cache 'reproducer.war', writing keys []: org.infinispan.util.concurrent.TimeoutException: ISPN000299: Unable to acquire lock after 15 seconds for key SessionCreationMetaDataKey(U_HgIWb88N0DPWVuTyOiROZBgkvvAt-8SU-Ri-5g) and requestor GlobalTransaction{id=27, addr=node3, remote=false, xid=null, internalId=-1}. Lock is held by GlobalTransaction{id=24, addr=node3, remote=false, xid=null, internalId=-1}
	at org.infinispan//org.infinispan.util.concurrent.locks.impl.DefaultLockManager$KeyAwareExtendedLockPromise.get(DefaultLockManager.java:292)
	at org.infinispan//org.infinispan.util.concurrent.locks.impl.DefaultLockManager$KeyAwareExtendedLockPromise.get(DefaultLockManager.java:222)
	at org.infinispan//org.infinispan.util.concurrent.locks.impl.InfinispanLock$LockPlaceHolder.checkState(InfinispanLock.java:440)
	at org.infinispan//org.infinispan.util.concurrent.locks.impl.InfinispanLock$LockPlaceHolder.lambda$toInvocationStage$3(InfinispanLock.java:416)
	at java.base/java.util.concurrent.CompletableFuture$UniApply.tryFire(CompletableFuture.java:642)
	at java.base/java.util.concurrent.CompletableFuture$Completion.run(CompletableFuture.java:478)
	at java.base/java.util.concurrent.ThreadPoolExecutor.runWorker(ThreadPoolExecutor.java:1128)
	at java.base/java.util.concurrent.ThreadPoolExecutor$Worker.run(ThreadPoolExecutor.java:628)
	at org.jboss.as.clustering.common@7.4.23.GA-redhat-00002//org.jboss.as.clustering.context.ContextReferenceExecutor.execute(ContextReferenceExecutor.java:49)
	at org.jboss.as.clustering.common@7.4.23.GA-redhat-00002//org.jboss.as.clustering.context.ContextualExecutor$1.run(ContextualExecutor.java:70)
	at java.base/java.lang.Thread.run(Thread.java:829)

[0m[31m17:41:47,358 ERROR [org.infinispan.interceptors.impl.InvocationContextInterceptor] (non-blocking-thread--p32-t23) ISPN000136: Error executing command GetKeyValueCommand on Cache 'reproducer.war', writing keys []: org.infinispan.util.concurrent.TimeoutException: ISPN000299: Unable to acquire lock after 15 seconds for key SessionCreationMetaDataKey(U_HgIWb88N0DPWVuTyOiROZBgkvvAt-8SU-Ri-5g) and requestor GlobalTransaction{id=32, addr=node3, remote=false, xid=null, internalId=-1}. Lock is held by GlobalTransaction{id=24, addr=node3, remote=false, xid=null, internalId=-1}
	at org.infinispan//org.infinispan.util.concurrent.locks.impl.DefaultLockManager$KeyAwareExtendedLockPromise.get(DefaultLockManager.java:292)
	at org.infinispan//org.infinispan.util.concurrent.locks.impl.DefaultLockManager$KeyAwareExtendedLockPromise.get(DefaultLockManager.java:222)
	at org.infinispan//org.infinispan.util.concurrent.locks.impl.InfinispanLock$LockPlaceHolder.checkState(InfinispanLock.java:440)
	at org.infinispan//org.infinispan.util.concurrent.locks.impl.InfinispanLock$LockPlaceHolder.lambda$toInvocationStage$3(InfinispanLock.java:416)
	at java.base/java.util.concurrent.CompletableFuture$UniApply.tryFire(CompletableFuture.java:642)
	at java.base/java.util.concurrent.CompletableFuture$Completion.run(CompletableFuture.java:478)
	at java.base/java.util.concurrent.ThreadPoolExecutor.runWorker(ThreadPoolExecutor.java:1128)
	at java.base/java.util.concurrent.ThreadPoolExecutor$Worker.run(ThreadPoolExecutor.java:628)
	at org.jboss.as.clustering.common@7.4.23.GA-redhat-00002//org.jboss.as.clustering.context.ContextReferenceExecutor.execute(ContextReferenceExecutor.java:49)
	at org.jboss.as.clustering.common@7.4.23.GA-redhat-00002//org.jboss.as.clustering.context.ContextualExecutor$1.run(ContextualExecutor.java:70)
	at java.base/java.lang.Thread.run(Thread.java:829)

[0m[31m17:41:47,378 ERROR [io.undertow.request] (default task-5) UT005023: Exception handling request to /reproducer/session: org.infinispan.util.concurrent.TimeoutException: ISPN000299: Unable to acquire lock after 15 seconds for key SessionCreationMetaDataKey(U_HgIWb88N0DPWVuTyOiROZBgkvvAt-8SU-Ri-5g) and requestor GlobalTransaction{id=34, addr=node3, remote=false, xid=null, internalId=-1}. Lock is held by GlobalTransaction{id=24, addr=node3, remote=false, xid=null, internalId=-1}
	at org.infinispan//org.infinispan.interceptors.impl.AsyncInterceptorChainImpl.invoke(AsyncInterceptorChainImpl.java:255)
	at org.infinispan//org.infinispan.cache.impl.InvocationHelper.doInvoke(InvocationHelper.java:298)
	at org.infinispan//org.infinispan.cache.impl.InvocationHelper.invoke(InvocationHelper.java:102)
	at org.infinispan//org.infinispan.cache.impl.CacheImpl.get(CacheImpl.java:541)
	at org.infinispan//org.infinispan.cache.impl.DecoratedCache.get(DecoratedCache.java:522)
	at org.infinispan//org.infinispan.cache.impl.AbstractDelegatingCache.get(AbstractDelegatingCache.java:439)
	at org.infinispan//org.infinispan.cache.impl.EncoderCache.get(EncoderCache.java:696)
	at org.infinispan//org.infinispan.cache.impl.AbstractDelegatingCache.get(AbstractDelegatingCache.java:439)
	at org.wildfly.clustering.web.infinispan@7.4.23.GA-redhat-00002//org.wildfly.clustering.web.infinispan.session.InfinispanSessionMetaDataFactory.getValue(InfinispanSessionMetaDataFactory.java:101)
	at org.wildfly.clustering.web.infinispan@7.4.23.GA-redhat-00002//org.wildfly.clustering.web.infinispan.session.InfinispanSessionMetaDataFactory.findValue(InfinispanSessionMetaDataFactory.java:91)
	at org.wildfly.clustering.web.infinispan@7.4.23.GA-redhat-00002//org.wildfly.clustering.web.infinispan.session.InfinispanSessionMetaDataFactory.findValue(InfinispanSessionMetaDataFactory.java:54)
	at org.wildfly.clustering.web.cache@7.4.23.GA-redhat-00002//org.wildfly.clustering.web.cache.session.CompositeSessionFactory.findValue(CompositeSessionFactory.java:63)
	at org.wildfly.clustering.web.cache@7.4.23.GA-redhat-00002//org.wildfly.clustering.web.cache.session.CompositeSessionFactory.findValue(CompositeSessionFactory.java:40)
	at org.wildfly.clustering.web.infinispan@7.4.23.GA-redhat-00002//org.wildfly.clustering.web.infinispan.session.InfinispanSessionManager.findSession(InfinispanSessionManager.java:161)
	at org.wildfly.clustering.web.cache@7.4.23.GA-redhat-00002//org.wildfly.clustering.web.cache.session.ConcurrentSessionManager$2.apply(ConcurrentSessionManager.java:66)
	at org.wildfly.clustering.web.cache@7.4.23.GA-redhat-00002//org.wildfly.clustering.web.cache.session.ConcurrentSessionManager$2.apply(ConcurrentSessionManager.java:63)
	at org.wildfly.clustering.ee.cache@7.4.23.GA-redhat-00002//org.wildfly.clustering.ee.cache.SimpleManager.apply(SimpleManager.java:52)
	at org.wildfly.clustering.web.cache@7.4.23.GA-redhat-00002//org.wildfly.clustering.web.cache.session.ConcurrentSessionManager.findSession(ConcurrentSessionManager.java:71)
	at org.wildfly.clustering.web.undertow@7.4.23.GA-redhat-00002//org.wildfly.clustering.web.undertow.session.DistributableSessionManager.getSession(DistributableSessionManager.java:228)
	at io.undertow.servlet@2.2.37.SP2-redhat-00001//io.undertow.servlet.spec.ServletContextImpl.getSession(ServletContextImpl.java:910)
	at io.undertow.servlet@2.2.37.SP2-redhat-00001//io.undertow.servlet.spec.ServletContextImpl.getSession(ServletContextImpl.java:1010)
	at io.undertow.servlet@2.2.37.SP2-redhat-00001//io.undertow.servlet.handlers.security.CachedAuthenticatedSessionHandler.handleRequest(CachedAuthenticatedSessionHandler.java:69)
	at io.undertow.core@2.2.37.SP2-redhat-00001//io.undertow.security.handlers.NotificationReceiverHandler.handleRequest(NotificationReceiverHandler.java:50)
	at io.undertow.core@2.2.37.SP2-redhat-00001//io.undertow.security.handlers.AbstractSecurityContextAssociationHandler.handleRequest(AbstractSecurityContextAssociationHandler.java:43)
	at io.undertow.core@2.2.37.SP2-redhat-00001//io.undertow.server.handlers.PredicateHandler.handleRequest(PredicateHandler.java:43)
	at org.wildfly.extension.undertow@7.4.23.GA-redhat-00002//org.wildfly.extension.undertow.security.jacc.JACCContextIdHandler.handleRequest(JACCContextIdHandler.java:61)
	at io.undertow.core@2.2.37.SP2-redhat-00001//io.undertow.server.handlers.PredicateHandler.handleRequest(PredicateHandler.java:43)
	at org.wildfly.extension.undertow@7.4.23.GA-redhat-00002//org.wildfly.extension.undertow.deployment.GlobalRequestControllerHandler.handleRequest(GlobalRequestControllerHandler.java:68)
	at io.undertow.servlet@2.2.37.SP2-redhat-00001//io.undertow.servlet.handlers.SendErrorPageHandler.handleRequest(SendErrorPageHandler.java:52)
	at io.undertow.core@2.2.37.SP2-redhat-00001//io.undertow.server.handlers.PredicateHandler.handleRequest(PredicateHandler.java:43)
	at io.undertow.servlet@2.2.37.SP2-redhat-00001//io.undertow.servlet.handlers.ServletInitialHandler.handleFirstRequest(ServletInitialHandler.java:275)
	at io.undertow.servlet@2.2.37.SP2-redhat-00001//io.undertow.servlet.handlers.ServletInitialHandler.access$100(ServletInitialHandler.java:79)
	at io.undertow.servlet@2.2.37.SP2-redhat-00001//io.undertow.servlet.handlers.ServletInitialHandler$2.call(ServletInitialHandler.java:134)
	at io.undertow.servlet@2.2.37.SP2-redhat-00001//io.undertow.servlet.handlers.ServletInitialHandler$2.call(ServletInitialHandler.java:131)
	at io.undertow.servlet@2.2.37.SP2-redhat-00001//io.undertow.servlet.core.ServletRequestContextThreadSetupAction$1.call(ServletRequestContextThreadSetupAction.java:48)
	at io.undertow.servlet@2.2.37.SP2-redhat-00001//io.undertow.servlet.core.ContextClassLoaderSetupAction$1.call(ContextClassLoaderSetupAction.java:43)
	at org.wildfly.extension.undertow@7.4.23.GA-redhat-00002//org.wildfly.extension.undertow.security.SecurityContextThreadSetupAction.lambda$create$0(SecurityContextThreadSetupAction.java:105)
	at org.wildfly.extension.undertow@7.4.23.GA-redhat-00002//org.wildfly.extension.undertow.deployment.UndertowDeploymentInfoService$UndertowThreadSetupAction.lambda$create$0(UndertowDeploymentInfoService.java:1555)
	at org.wildfly.extension.undertow@7.4.23.GA-redhat-00002//org.wildfly.extension.undertow.deployment.UndertowDeploymentInfoService$UndertowThreadSetupAction.lambda$create$0(UndertowDeploymentInfoService.java:1555)
	at org.wildfly.extension.undertow@7.4.23.GA-redhat-00002//org.wildfly.extension.undertow.deployment.UndertowDeploymentInfoService$UndertowThreadSetupAction.lambda$create$0(UndertowDeploymentInfoService.java:1555)
	at org.wildfly.extension.undertow@7.4.23.GA-redhat-00002//org.wildfly.extension.undertow.deployment.UndertowDeploymentInfoService$UndertowThreadSetupAction.lambda$create$0(UndertowDeploymentInfoService.java:1555)
	at io.undertow.servlet@2.2.37.SP2-redhat-00001//io.undertow.servlet.handlers.ServletInitialHandler.dispatchRequest(ServletInitialHandler.java:255)
	at io.undertow.servlet@2.2.37.SP2-redhat-00001//io.undertow.servlet.handlers.ServletInitialHandler.access$000(ServletInitialHandler.java:79)
	at io.undertow.servlet@2.2.37.SP2-redhat-00001//io.undertow.servlet.handlers.ServletInitialHandler$1.handleRequest(ServletInitialHandler.java:100)
	at io.undertow.core@2.2.37.SP2-redhat-00001//io.undertow.server.Connectors.executeRootHandler(Connectors.java:395)
	at io.undertow.core@2.2.37.SP2-redhat-00001//io.undertow.server.HttpServerExchange$1.run(HttpServerExchange.java:889)
	at org.jboss.threads@2.4.0.Final-redhat-00001//org.jboss.threads.ContextClassLoaderSavingRunnable.run(ContextClassLoaderSavingRunnable.java:35)
	at org.jboss.threads@2.4.0.Final-redhat-00001//org.jboss.threads.EnhancedQueueExecutor.safeRun(EnhancedQueueExecutor.java:1990)
	at org.jboss.threads@2.4.0.Final-redhat-00001//org.jboss.threads.EnhancedQueueExecutor$ThreadBody.doRunTask(EnhancedQueueExecutor.java:1486)
	at org.jboss.threads@2.4.0.Final-redhat-00001//org.jboss.threads.EnhancedQueueExecutor$ThreadBody.run(EnhancedQueueExecutor.java:1348)
	at org.jboss.xnio@3.8.16.Final-redhat-00001//org.xnio.XnioWorker$WorkerThreadFactory$1$1.run(XnioWorker.java:1282)
	at java.base/java.lang.Thread.run(Thread.java:829)
Caused by: org.infinispan.util.concurrent.TimeoutException: ISPN000299: Unable to acquire lock after 15 seconds for key SessionCreationMetaDataKey(U_HgIWb88N0DPWVuTyOiROZBgkvvAt-8SU-Ri-5g) and requestor GlobalTransaction{id=34, addr=node3, remote=false, xid=null, internalId=-1}. Lock is held by GlobalTransaction{id=24, addr=node3, remote=false, xid=null, internalId=-1}
	at org.infinispan//org.infinispan.util.concurrent.locks.impl.DefaultLockManager$KeyAwareExtendedLockPromise.get(DefaultLockManager.java:292)
	at org.infinispan//org.infinispan.util.concurrent.locks.impl.DefaultLockManager$KeyAwareExtendedLockPromise.get(DefaultLockManager.java:222)
	at org.infinispan//org.infinispan.util.concurrent.locks.impl.InfinispanLock$LockPlaceHolder.checkState(InfinispanLock.java:440)
	at org.infinispan//org.infinispan.util.concurrent.locks.impl.InfinispanLock$LockPlaceHolder.lambda$toInvocationStage$3(InfinispanLock.java:416)
	at java.base/java.util.concurrent.CompletableFuture$UniApply.tryFire(CompletableFuture.java:642)
	at java.base/java.util.concurrent.CompletableFuture$Completion.run(CompletableFuture.java:478)
	at java.base/java.util.concurrent.ThreadPoolExecutor.runWorker(ThreadPoolExecutor.java:1128)
	at java.base/java.util.concurrent.ThreadPoolExecutor$Worker.run(ThreadPoolExecutor.java:628)
	at org.jboss.as.clustering.common@7.4.23.GA-redhat-00002//org.jboss.as.clustering.context.ContextReferenceExecutor.execute(ContextReferenceExecutor.java:49)
	at org.jboss.as.clustering.common@7.4.23.GA-redhat-00002//org.jboss.as.clustering.context.ContextualExecutor$1.run(ContextualExecutor.java:70)
	... 1 more
	Suppressed: org.infinispan.commons.util.logging.TraceException
		at org.infinispan//org.infinispan.interceptors.impl.SimpleAsyncInvocationStage.get(SimpleAsyncInvocationStage.java:39)
		at org.infinispan//org.infinispan.interceptors.impl.AsyncInterceptorChainImpl.invoke(AsyncInterceptorChainImpl.java:246)
		at org.infinispan//org.infinispan.cache.impl.InvocationHelper.doInvoke(InvocationHelper.java:298)
		at org.infinispan//org.infinispan.cache.impl.InvocationHelper.invoke(InvocationHelper.java:102)
		at org.infinispan//org.infinispan.cache.impl.CacheImpl.get(CacheImpl.java:541)
		at org.infinispan//org.infinispan.cache.impl.DecoratedCache.get(DecoratedCache.java:522)
		at org.infinispan//org.infinispan.cache.impl.AbstractDelegatingCache.get(AbstractDelegatingCache.java:439)
		at org.infinispan//org.infinispan.cache.impl.EncoderCache.get(EncoderCache.java:696)
		at org.infinispan//org.infinispan.cache.impl.AbstractDelegatingCache.get(AbstractDelegatingCache.java:439)
		at org.wildfly.clustering.web.infinispan@7.4.23.GA-redhat-00002//org.wildfly.clustering.web.infinispan.session.InfinispanSessionMetaDataFactory.getValue(InfinispanSessionMetaDataFactory.java:101)
		at org.wildfly.clustering.web.infinispan@7.4.23.GA-redhat-00002//org.wildfly.clustering.web.infinispan.session.InfinispanSessionMetaDataFactory.findValue(InfinispanSessionMetaDataFactory.java:91)
		at org.wildfly.clustering.web.infinispan@7.4.23.GA-redhat-00002//org.wildfly.clustering.web.infinispan.session.InfinispanSessionMetaDataFactory.findValue(InfinispanSessionMetaDataFactory.java:54)
		at org.wildfly.clustering.web.cache@7.4.23.GA-redhat-00002//org.wildfly.clustering.web.cache.session.CompositeSessionFactory.findValue(CompositeSessionFactory.java:63)
		at org.wildfly.clustering.web.cache@7.4.23.GA-redhat-00002//org.wildfly.clustering.web.cache.session.CompositeSessionFactory.findValue(CompositeSessionFactory.java:40)
		at org.wildfly.clustering.web.infinispan@7.4.23.GA-redhat-00002//org.wildfly.clustering.web.infinispan.session.InfinispanSessionManager.findSession(InfinispanSessionManager.java:161)
		at org.wildfly.clustering.web.cache@7.4.23.GA-redhat-00002//org.wildfly.clustering.web.cache.session.ConcurrentSessionManager$2.apply(ConcurrentSessionManager.java:66)
		at org.wildfly.clustering.web.cache@7.4.23.GA-redhat-00002//org.wildfly.clustering.web.cache.session.ConcurrentSessionManager$2.apply(ConcurrentSessionManager.java:63)
		at org.wildfly.clustering.ee.cache@7.4.23.GA-redhat-00002//org.wildfly.clustering.ee.cache.SimpleManager.apply(SimpleManager.java:52)
		at org.wildfly.clustering.web.cache@7.4.23.GA-redhat-00002//org.wildfly.clustering.web.cache.session.ConcurrentSessionManager.findSession(ConcurrentSessionManager.java:71)
		at org.wildfly.clustering.web.undertow@7.4.23.GA-redhat-00002//org.wildfly.clustering.web.undertow.session.DistributableSessionManager.getSession(DistributableSessionManager.java:228)
		at io.undertow.servlet@2.2.37.SP2-redhat-00001//io.undertow.servlet.spec.ServletContextImpl.getSession(ServletContextImpl.java:910)
		at io.undertow.servlet@2.2.37.SP2-redhat-00001//io.undertow.servlet.spec.ServletContextImpl.getSession(ServletContextImpl.java:1010)
		at io.undertow.servlet@2.2.37.SP2-redhat-00001//io.undertow.servlet.handlers.security.CachedAuthenticatedSessionHandler.handleRequest(CachedAuthenticatedSessionHandler.java:69)
		at io.undertow.core@2.2.37.SP2-redhat-00001//io.undertow.security.handlers.NotificationReceiverHandler.handleRequest(NotificationReceiverHandler.java:50)
		at io.undertow.core@2.2.37.SP2-redhat-00001//io.undertow.security.handlers.AbstractSecurityContextAssociationHandler.handleRequest(AbstractSecurityContextAssociationHandler.java:43)
		at io.undertow.core@2.2.37.SP2-redhat-00001//io.undertow.server.handlers.PredicateHandler.handleRequest(PredicateHandler.java:43)
		at org.wildfly.extension.undertow@7.4.23.GA-redhat-00002//org.wildfly.extension.undertow.security.jacc.JACCContextIdHandler.handleRequest(JACCContextIdHandler.java:61)
		at io.undertow.core@2.2.37.SP2-redhat-00001//io.undertow.server.handlers.PredicateHandler.handleRequest(PredicateHandler.java:43)
		at org.wildfly.extension.undertow@7.4.23.GA-redhat-00002//org.wildfly.extension.undertow.deployment.GlobalRequestControllerHandler.handleRequest(GlobalRequestControllerHandler.java:68)
		at io.undertow.servlet@2.2.37.SP2-redhat-00001//io.undertow.servlet.handlers.SendErrorPageHandler.handleRequest(SendErrorPageHandler.java:52)
		at io.undertow.core@2.2.37.SP2-redhat-00001//io.undertow.server.handlers.PredicateHandler.handleRequest(PredicateHandler.java:43)
		at io.undertow.servlet@2.2.37.SP2-redhat-00001//io.undertow.servlet.handlers.ServletInitialHandler.handleFirstRequest(ServletInitialHandler.java:275)
		at io.undertow.servlet@2.2.37.SP2-redhat-00001//io.undertow.servlet.handlers.ServletInitialHandler.access$100(ServletInitialHandler.java:79)
		at io.undertow.servlet@2.2.37.SP2-redhat-00001//io.undertow.servlet.handlers.ServletInitialHandler$2.call(ServletInitialHandler.java:134)
		at io.undertow.servlet@2.2.37.SP2-redhat-00001//io.undertow.servlet.handlers.ServletInitialHandler$2.call(ServletInitialHandler.java:131)
		at io.undertow.servlet@2.2.37.SP2-redhat-00001//io.undertow.servlet.core.ServletRequestContextThreadSetupAction$1.call(ServletRequestContextThreadSetupAction.java:48)
		at io.undertow.servlet@2.2.37.SP2-redhat-00001//io.undertow.servlet.core.ContextClassLoaderSetupAction$1.call(ContextClassLoaderSetupAction.java:43)
		at org.wildfly.extension.undertow@7.4.23.GA-redhat-00002//org.wildfly.extension.undertow.security.SecurityContextThreadSetupAction.lambda$create$0(SecurityContextThreadSetupAction.java:105)
		at org.wildfly.extension.undertow@7.4.23.GA-redhat-00002//org.wildfly.extension.undertow.deployment.UndertowDeploymentInfoService$UndertowThreadSetupAction.lambda$create$0(UndertowDeploymentInfoService.java:1555)
		at org.wildfly.extension.undertow@7.4.23.GA-redhat-00002//org.wildfly.extension.undertow.deployment.UndertowDeploymentInfoService$UndertowThreadSetupAction.lambda$create$0(UndertowDeploymentInfoService.java:1555)
		at org.wildfly.extension.undertow@7.4.23.GA-redhat-00002//org.wildfly.extension.undertow.deployment.UndertowDeploymentInfoService$UndertowThreadSetupAction.lambda$create$0(UndertowDeploymentInfoService.java:1555)
		at org.wildfly.extension.undertow@7.4.23.GA-redhat-00002//org.wildfly.extension.undertow.deployment.UndertowDeploymentInfoService$UndertowThreadSetupAction.lambda$create$0(UndertowDeploymentInfoService.java:1555)
		at io.undertow.servlet@2.2.37.SP2-redhat-00001//io.undertow.servlet.handlers.ServletInitialHandler.dispatchRequest(ServletInitialHandler.java:255)
		at io.undertow.servlet@2.2.37.SP2-redhat-00001//io.undertow.servlet.handlers.ServletInitialHandler.access$000(ServletInitialHandler.java:79)
		at io.undertow.servlet@2.2.37.SP2-redhat-00001//io.undertow.servlet.handlers.ServletInitialHandler$1.handleRequest(ServletInitialHandler.java:100)
		at io.undertow.core@2.2.37.SP2-redhat-00001//io.undertow.server.Connectors.executeRootHandler(Connectors.java:395)
		at io.undertow.core@2.2.37.SP2-redhat-00001//io.undertow.server.HttpServerExchange$1.run(HttpServerExchange.java:889)
		at org.jboss.threads@2.4.0.Final-redhat-00001//org.jboss.threads.ContextClassLoaderSavingRunnable.run(ContextClassLoaderSavingRunnable.java:35)
		at org.jboss.threads@2.4.0.Final-redhat-00001//org.jboss.threads.EnhancedQueueExecutor.safeRun(EnhancedQueueExecutor.java:1990)
		at org.jboss.threads@2.4.0.Final-redhat-00001//org.jboss.threads.EnhancedQueueExecutor$ThreadBody.doRunTask(EnhancedQueueExecutor.java:1486)
		at org.jboss.threads@2.4.0.Final-redhat-00001//org.jboss.threads.EnhancedQueueExecutor$ThreadBody.run(EnhancedQueueExecutor.java:1348)
		at org.jboss.xnio@3.8.16.Final-redhat-00001//org.xnio.XnioWorker$WorkerThreadFactory$1$1.run(XnioWorker.java:1282)
		... 1 more

[0m[31m17:41:47,379 ERROR [io.undertow.request] (default task-19) UT005023: Exception handling request to /reproducer/session: org.infinispan.util.concurrent.TimeoutException: ISPN000299: Unable to acquire lock after 15 seconds for key SessionCreationMetaDataKey(U_HgIWb88N0DPWVuTyOiROZBgkvvAt-8SU-Ri-5g) and requestor GlobalTransaction{id=35, addr=node3, remote=false, xid=null, internalId=-1}. Lock is held by GlobalTransaction{id=24, addr=node3, remote=false, xid=null, internalId=-1}
	at org.infinispan//org.infinispan.interceptors.impl.AsyncInterceptorChainImpl.invoke(AsyncInterceptorChainImpl.java:255)
	at org.infinispan//org.infinispan.cache.impl.InvocationHelper.doInvoke(InvocationHelper.java:298)
	at org.infinispan//org.infinispan.cache.impl.InvocationHelper.invoke(InvocationHelper.java:102)
	at org.infinispan//org.infinispan.cache.impl.CacheImpl.get(CacheImpl.java:541)
	at org.infinispan//org.infinispan.cache.impl.DecoratedCache.get(DecoratedCache.java:522)
	at org.infinispan//org.infinispan.cache.impl.AbstractDelegatingCache.get(AbstractDelegatingCache.java:439)
	at org.infinispan//org.infinispan.cache.impl.EncoderCache.get(EncoderCache.java:696)
	at org.infinispan//org.infinispan.cache.impl.AbstractDelegatingCache.get(AbstractDelegatingCache.java:439)
	at org.wildfly.clustering.web.infinispan@7.4.23.GA-redhat-00002//org.wildfly.clustering.web.infinispan.session.InfinispanSessionMetaDataFactory.getValue(InfinispanSessionMetaDataFactory.java:101)
	at org.wildfly.clustering.web.infinispan@7.4.23.GA-redhat-00002//org.wildfly.clustering.web.infinispan.session.InfinispanSessionMetaDataFactory.findValue(InfinispanSessionMetaDataFactory.java:91)
	at org.wildfly.clustering.web.infinispan@7.4.23.GA-redhat-00002//org.wildfly.clustering.web.infinispan.session.InfinispanSessionMetaDataFactory.findValue(InfinispanSessionMetaDataFactory.java:54)
	at org.wildfly.clustering.web.cache@7.4.23.GA-redhat-00002//org.wildfly.clustering.web.cache.session.CompositeSessionFactory.findValue(CompositeSessionFactory.java:63)
	at org.wildfly.clustering.web.cache@7.4.23.GA-redhat-00002//org.wildfly.clustering.web.cache.session.CompositeSessionFactory.findValue(CompositeSessionFactory.java:40)
	at org.wildfly.clustering.web.infinispan@7.4.23.GA-redhat-00002//org.wildfly.clustering.web.infinispan.session.InfinispanSessionManager.findSession(InfinispanSessionManager.java:161)
	at org.wildfly.clustering.web.cache@7.4.23.GA-redhat-00002//org.wildfly.clustering.web.cache.session.ConcurrentSessionManager$2.apply(ConcurrentSessionManager.java:66)
	at org.wildfly.clustering.web.cache@7.4.23.GA-redhat-00002//org.wildfly.clustering.web.cache.session.ConcurrentSessionManager$2.apply(ConcurrentSessionManager.java:63)
	at org.wildfly.clustering.ee.cache@7.4.23.GA-redhat-00002//org.wildfly.clustering.ee.cache.SimpleManager.apply(SimpleManager.java:52)
	at org.wildfly.clustering.web.cache@7.4.23.GA-redhat-00002//org.wildfly.clustering.web.cache.session.ConcurrentSessionManager.findSession(ConcurrentSessionManager.java:71)
	at org.wildfly.clustering.web.undertow@7.4.23.GA-redhat-00002//org.wildfly.clustering.web.undertow.session.DistributableSessionManager.getSession(DistributableSessionManager.java:228)
	at io.undertow.servlet@2.2.37.SP2-redhat-00001//io.undertow.servlet.spec.ServletContextImpl.getSession(ServletContextImpl.java:910)
	at io.undertow.servlet@2.2.37.SP2-redhat-00001//io.undertow.servlet.spec.ServletContextImpl.getSession(ServletContextImpl.java:1010)
	at io.undertow.servlet@2.2.37.SP2-redhat-00001//io.undertow.servlet.handlers.security.CachedAuthenticatedSessionHandler.handleRequest(CachedAuthenticatedSessionHandler.java:69)
	at io.undertow.core@2.2.37.SP2-redhat-00001//io.undertow.security.handlers.NotificationReceiverHandler.handleRequest(NotificationReceiverHandler.java:50)
	at io.undertow.core@2.2.37.SP2-redhat-00001//io.undertow.security.handlers.AbstractSecurityContextAssociationHandler.handleRequest(AbstractSecurityContextAssociationHandler.java:43)
	at io.undertow.core@2.2.37.SP2-redhat-00001//io.undertow.server.handlers.PredicateHandler.handleRequest(PredicateHandler.java:43)
	at org.wildfly.extension.undertow@7.4.23.GA-redhat-00002//org.wildfly.extension.undertow.security.jacc.JACCContextIdHandler.handleRequest(JACCContextIdHandler.java:61)
	at io.undertow.core@2.2.37.SP2-redhat-00001//io.undertow.server.handlers.PredicateHandler.handleRequest(PredicateHandler.java:43)
	at org.wildfly.extension.undertow@7.4.23.GA-redhat-00002//org.wildfly.extension.undertow.deployment.GlobalRequestControllerHandler.handleRequest(GlobalRequestControllerHandler.java:68)
	at io.undertow.servlet@2.2.37.SP2-redhat-00001//io.undertow.servlet.handlers.SendErrorPageHandler.handleRequest(SendErrorPageHandler.java:52)
	at io.undertow.core@2.2.37.SP2-redhat-00001//io.undertow.server.handlers.PredicateHandler.handleRequest(PredicateHandler.java:43)
	at io.undertow.servlet@2.2.37.SP2-redhat-00001//io.undertow.servlet.handlers.ServletInitialHandler.handleFirstRequest(ServletInitialHandler.java:275)
	at io.undertow.servlet@2.2.37.SP2-redhat-00001//io.undertow.servlet.handlers.ServletInitialHandler.access$100(ServletInitialHandler.java:79)
	at io.undertow.servlet@2.2.37.SP2-redhat-00001//io.undertow.servlet.handlers.ServletInitialHandler$2.call(ServletInitialHandler.java:134)
	at io.undertow.servlet@2.2.37.SP2-redhat-00001//io.undertow.servlet.handlers.ServletInitialHandler$2.call(ServletInitialHandler.java:131)
	at io.undertow.servlet@2.2.37.SP2-redhat-00001//io.undertow.servlet.core.ServletRequestContextThreadSetupAction$1.call(ServletRequestContextThreadSetupAction.java:48)
	at io.undertow.servlet@2.2.37.SP2-redhat-00001//io.undertow.servlet.core.ContextClassLoaderSetupAction$1.call(ContextClassLoaderSetupAction.java:43)
	at org.wildfly.extension.undertow@7.4.23.GA-redhat-00002//org.wildfly.extension.undertow.security.SecurityContextThreadSetupAction.lambda$create$0(SecurityContextThreadSetupAction.java:105)
	at org.wildfly.extension.undertow@7.4.23.GA-redhat-00002//org.wildfly.extension.undertow.deployment.UndertowDeploymentInfoService$UndertowThreadSetupAction.lambda$create$0(UndertowDeploymentInfoService.java:1555)
	at org.wildfly.extension.undertow@7.4.23.GA-redhat-00002//org.wildfly.extension.undertow.deployment.UndertowDeploymentInfoService$UndertowThreadSetupAction.lambda$create$0(UndertowDeploymentInfoService.java:1555)
	at org.wildfly.extension.undertow@7.4.23.GA-redhat-00002//org.wildfly.extension.undertow.deployment.UndertowDeploymentInfoService$UndertowThreadSetupAction.lambda$create$0(UndertowDeploymentInfoService.java:1555)
	at org.wildfly.extension.undertow@7.4.23.GA-redhat-00002//org.wildfly.extension.undertow.deployment.UndertowDeploymentInfoService$UndertowThreadSetupAction.lambda$create$0(UndertowDeploymentInfoService.java:1555)
	at io.undertow.servlet@2.2.37.SP2-redhat-00001//io.undertow.servlet.handlers.ServletInitialHandler.dispatchRequest(ServletInitialHandler.java:255)
	at io.undertow.servlet@2.2.37.SP2-redhat-00001//io.undertow.servlet.handlers.ServletInitialHandler.access$000(ServletInitialHandler.java:79)
	at io.undertow.servlet@2.2.37.SP2-redhat-00001//io.undertow.servlet.handlers.ServletInitialHandler$1.handleRequest(ServletInitialHandler.java:100)
	at io.undertow.core@2.2.37.SP2-redhat-00001//io.undertow.server.Connectors.executeRootHandler(Connectors.java:395)
	at io.undertow.core@2.2.37.SP2-redhat-00001//io.undertow.server.HttpServerExchange$1.run(HttpServerExchange.java:889)
	at org.jboss.threads@2.4.0.Final-redhat-00001//org.jboss.threads.ContextClassLoaderSavingRunnable.run(ContextClassLoaderSavingRunnable.java:35)
	at org.jboss.threads@2.4.0.Final-redhat-00001//org.jboss.threads.EnhancedQueueExecutor.safeRun(EnhancedQueueExecutor.java:1990)
	at org.jboss.threads@2.4.0.Final-redhat-00001//org.jboss.threads.EnhancedQueueExecutor$ThreadBody.doRunTask(EnhancedQueueExecutor.java:1486)
	at org.jboss.threads@2.4.0.Final-redhat-00001//org.jboss.threads.EnhancedQueueExecutor$ThreadBody.run(EnhancedQueueExecutor.java:1348)
	at org.jboss.xnio@3.8.16.Final-redhat-00001//org.xnio.XnioWorker$WorkerThreadFactory$1$1.run(XnioWorker.java:1282)
	at java.base/java.lang.Thread.run(Thread.java:829)
Caused by: org.infinispan.util.concurrent.TimeoutException: ISPN000299: Unable to acquire lock after 15 seconds for key SessionCreationMetaDataKey(U_HgIWb88N0DPWVuTyOiROZBgkvvAt-8SU-Ri-5g) and requestor GlobalTransaction{id=35, addr=node3, remote=false, xid=null, internalId=-1}. Lock is held by GlobalTransaction{id=24, addr=node3, remote=false, xid=null, internalId=-1}
	at org.infinispan//org.infinispan.util.concurrent.locks.impl.DefaultLockManager$KeyAwareExtendedLockPromise.get(DefaultLockManager.java:292)
	at org.infinispan//org.infinispan.util.concurrent.locks.impl.DefaultLockManager$KeyAwareExtendedLockPromise.get(DefaultLockManager.java:222)
	at org.infinispan//org.infinispan.util.concurrent.locks.impl.InfinispanLock$LockPlaceHolder.checkState(InfinispanLock.java:440)
	at org.infinispan//org.infinispan.util.concurrent.locks.impl.InfinispanLock$LockPlaceHolder.lambda$toInvocationStage$3(InfinispanLock.java:416)
	at java.base/java.util.concurrent.CompletableFuture$UniApply.tryFire(CompletableFuture.java:642)
	at java.base/java.util.concurrent.CompletableFuture$Completion.run(CompletableFuture.java:478)
	at java.base/java.util.concurrent.ThreadPoolExecutor.runWorker(ThreadPoolExecutor.java:1128)
	at java.base/java.util.concurrent.ThreadPoolExecutor$Worker.run(ThreadPoolExecutor.java:628)
	at org.jboss.as.clustering.common@7.4.23.GA-redhat-00002//org.jboss.as.clustering.context.ContextReferenceExecutor.execute(ContextReferenceExecutor.java:49)
	at org.jboss.as.clustering.common@7.4.23.GA-redhat-00002//org.jboss.as.clustering.context.ContextualExecutor$1.run(ContextualExecutor.java:70)
	... 1 more
	Suppressed: org.infinispan.commons.util.logging.TraceException
		at org.infinispan//org.infinispan.interceptors.impl.SimpleAsyncInvocationStage.get(SimpleAsyncInvocationStage.java:39)
		at org.infinispan//org.infinispan.interceptors.impl.AsyncInterceptorChainImpl.invoke(AsyncInterceptorChainImpl.java:246)
		at org.infinispan//org.infinispan.cache.impl.InvocationHelper.doInvoke(InvocationHelper.java:298)
		at org.infinispan//org.infinispan.cache.impl.InvocationHelper.invoke(InvocationHelper.java:102)
		at org.infinispan//org.infinispan.cache.impl.CacheImpl.get(CacheImpl.java:541)
		at org.infinispan//org.infinispan.cache.impl.DecoratedCache.get(DecoratedCache.java:522)
		at org.infinispan//org.infinispan.cache.impl.AbstractDelegatingCache.get(AbstractDelegatingCache.java:439)
		at org.infinispan//org.infinispan.cache.impl.EncoderCache.get(EncoderCache.java:696)
		at org.infinispan//org.infinispan.cache.impl.AbstractDelegatingCache.get(AbstractDelegatingCache.java:439)
		at org.wildfly.clustering.web.infinispan@7.4.23.GA-redhat-00002//org.wildfly.clustering.web.infinispan.session.InfinispanSessionMetaDataFactory.getValue(InfinispanSessionMetaDataFactory.java:101)
		at org.wildfly.clustering.web.infinispan@7.4.23.GA-redhat-00002//org.wildfly.clustering.web.infinispan.session.InfinispanSessionMetaDataFactory.findValue(InfinispanSessionMetaDataFactory.java:91)
		at org.wildfly.clustering.web.infinispan@7.4.23.GA-redhat-00002//org.wildfly.clustering.web.infinispan.session.InfinispanSessionMetaDataFactory.findValue(InfinispanSessionMetaDataFactory.java:54)
		at org.wildfly.clustering.web.cache@7.4.23.GA-redhat-00002//org.wildfly.clustering.web.cache.session.CompositeSessionFactory.findValue(CompositeSessionFactory.java:63)
		at org.wildfly.clustering.web.cache@7.4.23.GA-redhat-00002//org.wildfly.clustering.web.cache.session.CompositeSessionFactory.findValue(CompositeSessionFactory.java:40)
		at org.wildfly.clustering.web.infinispan@7.4.23.GA-redhat-00002//org.wildfly.clustering.web.infinispan.session.InfinispanSessionManager.findSession(InfinispanSessionManager.java:161)
		at org.wildfly.clustering.web.cache@7.4.23.GA-redhat-00002//org.wildfly.clustering.web.cache.session.ConcurrentSessionManager$2.apply(ConcurrentSessionManager.java:66)
		at org.wildfly.clustering.web.cache@7.4.23.GA-redhat-00002//org.wildfly.clustering.web.cache.session.ConcurrentSessionManager$2.apply(ConcurrentSessionManager.java:63)
		at org.wildfly.clustering.ee.cache@7.4.23.GA-redhat-00002//org.wildfly.clustering.ee.cache.SimpleManager.apply(SimpleManager.java:52)
		at org.wildfly.clustering.web.cache@7.4.23.GA-redhat-00002//org.wildfly.clustering.web.cache.session.ConcurrentSessionManager.findSession(ConcurrentSessionManager.java:71)
		at org.wildfly.clustering.web.undertow@7.4.23.GA-redhat-00002//org.wildfly.clustering.web.undertow.session.DistributableSessionManager.getSession(DistributableSessionManager.java:228)
		at io.undertow.servlet@2.2.37.SP2-redhat-00001//io.undertow.servlet.spec.ServletContextImpl.getSession(ServletContextImpl.java:910)
		at io.undertow.servlet@2.2.37.SP2-redhat-00001//io.undertow.servlet.spec.ServletContextImpl.getSession(ServletContextImpl.java:1010)
		at io.undertow.servlet@2.2.37.SP2-redhat-00001//io.undertow.servlet.handlers.security.CachedAuthenticatedSessionHandler.handleRequest(CachedAuthenticatedSessionHandler.java:69)
		at io.undertow.core@2.2.37.SP2-redhat-00001//io.undertow.security.handlers.NotificationReceiverHandler.handleRequest(NotificationReceiverHandler.java:50)
		at io.undertow.core@2.2.37.SP2-redhat-00001//io.undertow.security.handlers.AbstractSecurityContextAssociationHandler.handleRequest(AbstractSecurityContextAssociationHandler.java:43)
		at io.undertow.core@2.2.37.SP2-redhat-00001//io.undertow.server.handlers.PredicateHandler.handleRequest(PredicateHandler.java:43)
		at org.wildfly.extension.undertow@7.4.23.GA-redhat-00002//org.wildfly.extension.undertow.security.jacc.JACCContextIdHandler.handleRequest(JACCContextIdHandler.java:61)
		at io.undertow.core@2.2.37.SP2-redhat-00001//io.undertow.server.handlers.PredicateHandler.handleRequest(PredicateHandler.java:43)
		at org.wildfly.extension.undertow@7.4.23.GA-redhat-00002//org.wildfly.extension.undertow.deployment.GlobalRequestControllerHandler.handleRequest(GlobalRequestControllerHandler.java:68)
		at io.undertow.servlet@2.2.37.SP2-redhat-00001//io.undertow.servlet.handlers.SendErrorPageHandler.handleRequest(SendErrorPageHandler.java:52)
		at io.undertow.core@2.2.37.SP2-redhat-00001//io.undertow.server.handlers.PredicateHandler.handleRequest(PredicateHandler.java:43)
		at io.undertow.servlet@2.2.37.SP2-redhat-00001//io.undertow.servlet.handlers.ServletInitialHandler.handleFirstRequest(ServletInitialHandler.java:275)
		at io.undertow.servlet@2.2.37.SP2-redhat-00001//io.undertow.servlet.handlers.ServletInitialHandler.access$100(ServletInitialHandler.java:79)
		at io.undertow.servlet@2.2.37.SP2-redhat-00001//io.undertow.servlet.handlers.ServletInitialHandler$2.call(ServletInitialHandler.java:134)
		at io.undertow.servlet@2.2.37.SP2-redhat-00001//io.undertow.servlet.handlers.ServletInitialHandler$2.call(ServletInitialHandler.java:131)
		at io.undertow.servlet@2.2.37.SP2-redhat-00001//io.undertow.servlet.core.ServletRequestContextThreadSetupAction$1.call(ServletRequestContextThreadSetupAction.java:48)
		at io.undertow.servlet@2.2.37.SP2-redhat-00001//io.undertow.servlet.core.ContextClassLoaderSetupAction$1.call(ContextClassLoaderSetupAction.java:43)
		at org.wildfly.extension.undertow@7.4.23.GA-redhat-00002//org.wildfly.extension.undertow.security.SecurityContextThreadSetupAction.lambda$create$0(SecurityContextThreadSetupAction.java:105)
		at org.wildfly.extension.undertow@7.4.23.GA-redhat-00002//org.wildfly.extension.undertow.deployment.UndertowDeploymentInfoService$UndertowThreadSetupAction.lambda$create$0(UndertowDeploymentInfoService.java:1555)
		at org.wildfly.extension.undertow@7.4.23.GA-redhat-00002//org.wildfly.extension.undertow.deployment.UndertowDeploymentInfoService$UndertowThreadSetupAction.lambda$create$0(UndertowDeploymentInfoService.java:1555)
		at org.wildfly.extension.undertow@7.4.23.GA-redhat-00002//org.wildfly.extension.undertow.deployment.UndertowDeploymentInfoService$UndertowThreadSetupAction.lambda$create$0(UndertowDeploymentInfoService.java:1555)
		at org.wildfly.extension.undertow@7.4.23.GA-redhat-00002//org.wildfly.extension.undertow.deployment.UndertowDeploymentInfoService$UndertowThreadSetupAction.lambda$create$0(UndertowDeploymentInfoService.java:1555)
		at io.undertow.servlet@2.2.37.SP2-redhat-00001//io.undertow.servlet.handlers.ServletInitialHandler.dispatchRequest(ServletInitialHandler.java:255)
		at io.undertow.servlet@2.2.37.SP2-redhat-00001//io.undertow.servlet.handlers.ServletInitialHandler.access$000(ServletInitialHandler.java:79)
		at io.undertow.servlet@2.2.37.SP2-redhat-00001//io.undertow.servlet.handlers.ServletInitialHandler$1.handleRequest(ServletInitialHandler.java:100)
		at io.undertow.core@2.2.37.SP2-redhat-00001//io.undertow.server.Connectors.executeRootHandler(Connectors.java:395)
		at io.undertow.core@2.2.37.SP2-redhat-00001//io.undertow.server.HttpServerExchange$1.run(HttpServerExchange.java:889)
		at org.jboss.threads@2.4.0.Final-redhat-00001//org.jboss.threads.ContextClassLoaderSavingRunnable.run(ContextClassLoaderSavingRunnable.java:35)
		at org.jboss.threads@2.4.0.Final-redhat-00001//org.jboss.threads.EnhancedQueueExecutor.safeRun(EnhancedQueueExecutor.java:1990)
		at org.jboss.threads@2.4.0.Final-redhat-00001//org.jboss.threads.EnhancedQueueExecutor$ThreadBody.doRunTask(EnhancedQueueExecutor.java:1486)
		at org.jboss.threads@2.4.0.Final-redhat-00001//org.jboss.threads.EnhancedQueueExecutor$ThreadBody.run(EnhancedQueueExecutor.java:1348)
		at org.jboss.xnio@3.8.16.Final-redhat-00001//org.xnio.XnioWorker$WorkerThreadFactory$1$1.run(XnioWorker.java:1282)
		... 1 more

[0m[31m17:41:47,379 ERROR [io.undertow.request] (default task-21) UT005023: Exception handling request to /reproducer/session: org.infinispan.util.concurrent.TimeoutException: ISPN000299: Unable to acquire lock after 15 seconds for key SessionCreationMetaDataKey(U_HgIWb88N0DPWVuTyOiROZBgkvvAt-8SU-Ri-5g) and requestor GlobalTransaction{id=33, addr=node3, remote=false, xid=null, internalId=-1}. Lock is held by GlobalTransaction{id=24, addr=node3, remote=false, xid=null, internalId=-1}
	at org.infinispan//org.infinispan.interceptors.impl.AsyncInterceptorChainImpl.invoke(AsyncInterceptorChainImpl.java:255)
	at org.infinispan//org.infinispan.cache.impl.InvocationHelper.doInvoke(InvocationHelper.java:298)
	at org.infinispan//org.infinispan.cache.impl.InvocationHelper.invoke(InvocationHelper.java:102)
	at org.infinispan//org.infinispan.cache.impl.CacheImpl.get(CacheImpl.java:541)
	at org.infinispan//org.infinispan.cache.impl.DecoratedCache.get(DecoratedCache.java:522)
	at org.infinispan//org.infinispan.cache.impl.AbstractDelegatingCache.get(AbstractDelegatingCache.java:439)
	at org.infinispan//org.infinispan.cache.impl.EncoderCache.get(EncoderCache.java:696)
	at org.infinispan//org.infinispan.cache.impl.AbstractDelegatingCache.get(AbstractDelegatingCache.java:439)
	at org.wildfly.clustering.web.infinispan@7.4.23.GA-redhat-00002//org.wildfly.clustering.web.infinispan.session.InfinispanSessionMetaDataFactory.getValue(InfinispanSessionMetaDataFactory.java:101)
	at org.wildfly.clustering.web.infinispan@7.4.23.GA-redhat-00002//org.wildfly.clustering.web.infinispan.session.InfinispanSessionMetaDataFactory.findValue(InfinispanSessionMetaDataFactory.java:91)
	at org.wildfly.clustering.web.infinispan@7.4.23.GA-redhat-00002//org.wildfly.clustering.web.infinispan.session.InfinispanSessionMetaDataFactory.findValue(InfinispanSessionMetaDataFactory.java:54)
	at org.wildfly.clustering.web.cache@7.4.23.GA-redhat-00002//org.wildfly.clustering.web.cache.session.CompositeSessionFactory.findValue(CompositeSessionFactory.java:63)
	at org.wildfly.clustering.web.cache@7.4.23.GA-redhat-00002//org.wildfly.clustering.web.cache.session.CompositeSessionFactory.findValue(CompositeSessionFactory.java:40)
	at org.wildfly.clustering.web.infinispan@7.4.23.GA-redhat-00002//org.wildfly.clustering.web.infinispan.session.InfinispanSessionManager.findSession(InfinispanSessionManager.java:161)
	at org.wildfly.clustering.web.cache@7.4.23.GA-redhat-00002//org.wildfly.clustering.web.cache.session.ConcurrentSessionManager$2.apply(ConcurrentSessionManager.java:66)
	at org.wildfly.clustering.web.cache@7.4.23.GA-redhat-00002//org.wildfly.clustering.web.cache.session.ConcurrentSessionManager$2.apply(ConcurrentSessionManager.java:63)
	at org.wildfly.clustering.ee.cache@7.4.23.GA-redhat-00002//org.wildfly.clustering.ee.cache.SimpleManager.apply(SimpleManager.java:52)
	at org.wildfly.clustering.web.cache@7.4.23.GA-redhat-00002//org.wildfly.clustering.web.cache.session.ConcurrentSessionManager.findSession(ConcurrentSessionManager.java:71)
	at org.wildfly.clustering.web.undertow@7.4.23.GA-redhat-00002//org.wildfly.clustering.web.undertow.session.DistributableSessionManager.getSession(DistributableSessionManager.java:228)
	at io.undertow.servlet@2.2.37.SP2-redhat-00001//io.undertow.servlet.spec.ServletContextImpl.getSession(ServletContextImpl.java:910)
	at io.undertow.servlet@2.2.37.SP2-redhat-00001//io.undertow.servlet.spec.ServletContextImpl.getSession(ServletContextImpl.java:1010)
	at io.undertow.servlet@2.2.37.SP2-redhat-00001//io.undertow.servlet.handlers.security.CachedAuthenticatedSessionHandler.handleRequest(CachedAuthenticatedSessionHandler.java:69)
	at io.undertow.core@2.2.37.SP2-redhat-00001//io.undertow.security.handlers.NotificationReceiverHandler.handleRequest(NotificationReceiverHandler.java:50)
	at io.undertow.core@2.2.37.SP2-redhat-00001//io.undertow.security.handlers.AbstractSecurityContextAssociationHandler.handleRequest(AbstractSecurityContextAssociationHandler.java:43)
	at io.undertow.core@2.2.37.SP2-redhat-00001//io.undertow.server.handlers.PredicateHandler.handleRequest(PredicateHandler.java:43)
	at org.wildfly.extension.undertow@7.4.23.GA-redhat-00002//org.wildfly.extension.undertow.security.jacc.JACCContextIdHandler.handleRequest(JACCContextIdHandler.java:61)
	at io.undertow.core@2.2.37.SP2-redhat-00001//io.undertow.server.handlers.PredicateHandler.handleRequest(PredicateHandler.java:43)
	at org.wildfly.extension.undertow@7.4.23.GA-redhat-00002//org.wildfly.extension.undertow.deployment.GlobalRequestControllerHandler.handleRequest(GlobalRequestControllerHandler.java:68)
	at io.undertow.servlet@2.2.37.SP2-redhat-00001//io.undertow.servlet.handlers.SendErrorPageHandler.handleRequest(SendErrorPageHandler.java:52)
	at io.undertow.core@2.2.37.SP2-redhat-00001//io.undertow.server.handlers.PredicateHandler.handleRequest(PredicateHandler.java:43)
	at io.undertow.servlet@2.2.37.SP2-redhat-00001//io.undertow.servlet.handlers.ServletInitialHandler.handleFirstRequest(ServletInitialHandler.java:275)
	at io.undertow.servlet@2.2.37.SP2-redhat-00001//io.undertow.servlet.handlers.ServletInitialHandler.access$100(ServletInitialHandler.java:79)
	at io.undertow.servlet@2.2.37.SP2-redhat-00001//io.undertow.servlet.handlers.ServletInitialHandler$2.call(ServletInitialHandler.java:134)
	at io.undertow.servlet@2.2.37.SP2-redhat-00001//io.undertow.servlet.handlers.ServletInitialHandler$2.call(ServletInitialHandler.java:131)
	at io.undertow.servlet@2.2.37.SP2-redhat-00001//io.undertow.servlet.core.ServletRequestContextThreadSetupAction$1.call(ServletRequestContextThreadSetupAction.java:48)
	at io.undertow.servlet@2.2.37.SP2-redhat-00001//io.undertow.servlet.core.ContextClassLoaderSetupAction$1.call(ContextClassLoaderSetupAction.java:43)
	at org.wildfly.extension.undertow@7.4.23.GA-redhat-00002//org.wildfly.extension.undertow.security.SecurityContextThreadSetupAction.lambda$create$0(SecurityContextThreadSetupAction.java:105)
	at org.wildfly.extension.undertow@7.4.23.GA-redhat-00002//org.wildfly.extension.undertow.deployment.UndertowDeploymentInfoService$UndertowThreadSetupAction.lambda$create$0(UndertowDeploymentInfoService.java:1555)
	at org.wildfly.extension.undertow@7.4.23.GA-redhat-00002//org.wildfly.extension.undertow.deployment.UndertowDeploymentInfoService$UndertowThreadSetupAction.lambda$create$0(UndertowDeploymentInfoService.java:1555)
	at org.wildfly.extension.undertow@7.4.23.GA-redhat-00002//org.wildfly.extension.undertow.deployment.UndertowDeploymentInfoService$UndertowThreadSetupAction.lambda$create$0(UndertowDeploymentInfoService.java:1555)
	at org.wildfly.extension.undertow@7.4.23.GA-redhat-00002//org.wildfly.extension.undertow.deployment.UndertowDeploymentInfoService$UndertowThreadSetupAction.lambda$create$0(UndertowDeploymentInfoService.java:1555)
	at io.undertow.servlet@2.2.37.SP2-redhat-00001//io.undertow.servlet.handlers.ServletInitialHandler.dispatchRequest(ServletInitialHandler.java:255)
	at io.undertow.servlet@2.2.37.SP2-redhat-00001//io.undertow.servlet.handlers.ServletInitialHandler.access$000(ServletInitialHandler.java:79)
	at io.undertow.servlet@2.2.37.SP2-redhat-00001//io.undertow.servlet.handlers.ServletInitialHandler$1.handleRequest(ServletInitialHandler.java:100)
	at io.undertow.core@2.2.37.SP2-redhat-00001//io.undertow.server.Connectors.executeRootHandler(Connectors.java:395)
	at io.undertow.core@2.2.37.SP2-redhat-00001//io.undertow.server.HttpServerExchange$1.run(HttpServerExchange.java:889)
	at org.jboss.threads@2.4.0.Final-redhat-00001//org.jboss.threads.ContextClassLoaderSavingRunnable.run(ContextClassLoaderSavingRunnable.java:35)
	at org.jboss.threads@2.4.0.Final-redhat-00001//org.jboss.threads.EnhancedQueueExecutor.safeRun(EnhancedQueueExecutor.java:1990)
	at org.jboss.threads@2.4.0.Final-redhat-00001//org.jboss.threads.EnhancedQueueExecutor$ThreadBody.doRunTask(EnhancedQueueExecutor.java:1486)
	at org.jboss.threads@2.4.0.Final-redhat-00001//org.jboss.threads.EnhancedQueueExecutor$ThreadBody.run(EnhancedQueueExecutor.java:1348)
	at org.jboss.xnio@3.8.16.Final-redhat-00001//org.xnio.XnioWorker$WorkerThreadFactory$1$1.run(XnioWorker.java:1282)
	at java.base/java.lang.Thread.run(Thread.java:829)
Caused by: org.infinispan.util.concurrent.TimeoutException: ISPN000299: Unable to acquire lock after 15 seconds for key SessionCreationMetaDataKey(U_HgIWb88N0DPWVuTyOiROZBgkvvAt-8SU-Ri-5g) and requestor GlobalTransaction{id=33, addr=node3, remote=false, xid=null, internalId=-1}. Lock is held by GlobalTransaction{id=24, addr=node3, remote=false, xid=null, internalId=-1}
	at org.infinispan//org.infinispan.util.concurrent.locks.impl.DefaultLockManager$KeyAwareExtendedLockPromise.get(DefaultLockManager.java:292)
	at org.infinispan//org.infinispan.util.concurrent.locks.impl.DefaultLockManager$KeyAwareExtendedLockPromise.get(DefaultLockManager.java:222)
	at org.infinispan//org.infinispan.util.concurrent.locks.impl.InfinispanLock$LockPlaceHolder.checkState(InfinispanLock.java:440)
	at org.infinispan//org.infinispan.util.concurrent.locks.impl.InfinispanLock$LockPlaceHolder.lambda$toInvocationStage$3(InfinispanLock.java:416)
	at java.base/java.util.concurrent.CompletableFuture$UniApply.tryFire(CompletableFuture.java:642)
	at java.base/java.util.concurrent.CompletableFuture$Completion.run(CompletableFuture.java:478)
	at java.base/java.util.concurrent.ThreadPoolExecutor.runWorker(ThreadPoolExecutor.java:1128)
	at java.base/java.util.concurrent.ThreadPoolExecutor$Worker.run(ThreadPoolExecutor.java:628)
	at org.jboss.as.clustering.common@7.4.23.GA-redhat-00002//org.jboss.as.clustering.context.ContextReferenceExecutor.execute(ContextReferenceExecutor.java:49)
	at org.jboss.as.clustering.common@7.4.23.GA-redhat-00002//org.jboss.as.clustering.context.ContextualExecutor$1.run(ContextualExecutor.java:70)
	... 1 more
	Suppressed: org.infinispan.commons.util.logging.TraceException
		at org.infinispan//org.infinispan.interceptors.impl.SimpleAsyncInvocationStage.get(SimpleAsyncInvocationStage.java:39)
		at org.infinispan//org.infinispan.interceptors.impl.AsyncInterceptorChainImpl.invoke(AsyncInterceptorChainImpl.java:246)
		at org.infinispan//org.infinispan.cache.impl.InvocationHelper.doInvoke(InvocationHelper.java:298)
		at org.infinispan//org.infinispan.cache.impl.InvocationHelper.invoke(InvocationHelper.java:102)
		at org.infinispan//org.infinispan.cache.impl.CacheImpl.get(CacheImpl.java:541)
		at org.infinispan//org.infinispan.cache.impl.DecoratedCache.get(DecoratedCache.java:522)
		at org.infinispan//org.infinispan.cache.impl.AbstractDelegatingCache.get(AbstractDelegatingCache.java:439)
		at org.infinispan//org.infinispan.cache.impl.EncoderCache.get(EncoderCache.java:696)
		at org.infinispan//org.infinispan.cache.impl.AbstractDelegatingCache.get(AbstractDelegatingCache.java:439)
		at org.wildfly.clustering.web.infinispan@7.4.23.GA-redhat-00002//org.wildfly.clustering.web.infinispan.session.InfinispanSessionMetaDataFactory.getValue(InfinispanSessionMetaDataFactory.java:101)
		at org.wildfly.clustering.web.infinispan@7.4.23.GA-redhat-00002//org.wildfly.clustering.web.infinispan.session.InfinispanSessionMetaDataFactory.findValue(InfinispanSessionMetaDataFactory.java:91)
		at org.wildfly.clustering.web.infinispan@7.4.23.GA-redhat-00002//org.wildfly.clustering.web.infinispan.session.InfinispanSessionMetaDataFactory.findValue(InfinispanSessionMetaDataFactory.java:54)
		at org.wildfly.clustering.web.cache@7.4.23.GA-redhat-00002//org.wildfly.clustering.web.cache.session.CompositeSessionFactory.findValue(CompositeSessionFactory.java:63)
		at org.wildfly.clustering.web.cache@7.4.23.GA-redhat-00002//org.wildfly.clustering.web.cache.session.CompositeSessionFactory.findValue(CompositeSessionFactory.java:40)
		at org.wildfly.clustering.web.infinispan@7.4.23.GA-redhat-00002//org.wildfly.clustering.web.infinispan.session.InfinispanSessionManager.findSession(InfinispanSessionManager.java:161)
		at org.wildfly.clustering.web.cache@7.4.23.GA-redhat-00002//org.wildfly.clustering.web.cache.session.ConcurrentSessionManager$2.apply(ConcurrentSessionManager.java:66)
		at org.wildfly.clustering.web.cache@7.4.23.GA-redhat-00002//org.wildfly.clustering.web.cache.session.ConcurrentSessionManager$2.apply(ConcurrentSessionManager.java:63)
		at org.wildfly.clustering.ee.cache@7.4.23.GA-redhat-00002//org.wildfly.clustering.ee.cache.SimpleManager.apply(SimpleManager.java:52)
		at org.wildfly.clustering.web.cache@7.4.23.GA-redhat-00002//org.wildfly.clustering.web.cache.session.ConcurrentSessionManager.findSession(ConcurrentSessionManager.java:71)
		at org.wildfly.clustering.web.undertow@7.4.23.GA-redhat-00002//org.wildfly.clustering.web.undertow.session.DistributableSessionManager.getSession(DistributableSessionManager.java:228)
		at io.undertow.servlet@2.2.37.SP2-redhat-00001//io.undertow.servlet.spec.ServletContextImpl.getSession(ServletContextImpl.java:910)
		at io.undertow.servlet@2.2.37.SP2-redhat-00001//io.undertow.servlet.spec.ServletContextImpl.getSession(ServletContextImpl.java:1010)
		at io.undertow.servlet@2.2.37.SP2-redhat-00001//io.undertow.servlet.handlers.security.CachedAuthenticatedSessionHandler.handleRequest(CachedAuthenticatedSessionHandler.java:69)
		at io.undertow.core@2.2.37.SP2-redhat-00001//io.undertow.security.handlers.NotificationReceiverHandler.handleRequest(NotificationReceiverHandler.java:50)
		at io.undertow.core@2.2.37.SP2-redhat-00001//io.undertow.security.handlers.AbstractSecurityContextAssociationHandler.handleRequest(AbstractSecurityContextAssociationHandler.java:43)
		at io.undertow.core@2.2.37.SP2-redhat-00001//io.undertow.server.handlers.PredicateHandler.handleRequest(PredicateHandler.java:43)
		at org.wildfly.extension.undertow@7.4.23.GA-redhat-00002//org.wildfly.extension.undertow.security.jacc.JACCContextIdHandler.handleRequest(JACCContextIdHandler.java:61)
		at io.undertow.core@2.2.37.SP2-redhat-00001//io.undertow.server.handlers.PredicateHandler.handleRequest(PredicateHandler.java:43)
		at org.wildfly.extension.undertow@7.4.23.GA-redhat-00002//org.wildfly.extension.undertow.deployment.GlobalRequestControllerHandler.handleRequest(GlobalRequestControllerHandler.java:68)
		at io.undertow.servlet@2.2.37.SP2-redhat-00001//io.undertow.servlet.handlers.SendErrorPageHandler.handleRequest(SendErrorPageHandler.java:52)
		at io.undertow.core@2.2.37.SP2-redhat-00001//io.undertow.server.handlers.PredicateHandler.handleRequest(PredicateHandler.java:43)
		at io.undertow.servlet@2.2.37.SP2-redhat-00001//io.undertow.servlet.handlers.ServletInitialHandler.handleFirstRequest(ServletInitialHandler.java:275)
		at io.undertow.servlet@2.2.37.SP2-redhat-00001//io.undertow.servlet.handlers.ServletInitialHandler.access$100(ServletInitialHandler.java:79)
		at io.undertow.servlet@2.2.37.SP2-redhat-00001//io.undertow.servlet.handlers.ServletInitialHandler$2.call(ServletInitialHandler.java:134)
		at io.undertow.servlet@2.2.37.SP2-redhat-00001//io.undertow.servlet.handlers.ServletInitialHandler$2.call(ServletInitialHandler.java:131)
		at io.undertow.servlet@2.2.37.SP2-redhat-00001//io.undertow.servlet.core.ServletRequestContextThreadSetupAction$1.call(ServletRequestContextThreadSetupAction.java:48)
		at io.undertow.servlet@2.2.37.SP2-redhat-00001//io.undertow.servlet.core.ContextClassLoaderSetupAction$1.call(ContextClassLoaderSetupAction.java:43)
		at org.wildfly.extension.undertow@7.4.23.GA-redhat-00002//org.wildfly.extension.undertow.security.SecurityContextThreadSetupAction.lambda$create$0(SecurityContextThreadSetupAction.java:105)
		at org.wildfly.extension.undertow@7.4.23.GA-redhat-00002//org.wildfly.extension.undertow.deployment.UndertowDeploymentInfoService$UndertowThreadSetupAction.lambda$create$0(UndertowDeploymentInfoService.java:1555)
		at org.wildfly.extension.undertow@7.4.23.GA-redhat-00002//org.wildfly.extension.undertow.deployment.UndertowDeploymentInfoService$UndertowThreadSetupAction.lambda$create$0(UndertowDeploymentInfoService.java:1555)
		at org.wildfly.extension.undertow@7.4.23.GA-redhat-00002//org.wildfly.extension.undertow.deployment.UndertowDeploymentInfoService$UndertowThreadSetupAction.lambda$create$0(UndertowDeploymentInfoService.java:1555)
		at org.wildfly.extension.undertow@7.4.23.GA-redhat-00002//org.wildfly.extension.undertow.deployment.UndertowDeploymentInfoService$UndertowThreadSetupAction.lambda$create$0(UndertowDeploymentInfoService.java:1555)
		at io.undertow.servlet@2.2.37.SP2-redhat-00001//io.undertow.servlet.handlers.ServletInitialHandler.dispatchRequest(ServletInitialHandler.java:255)
		at io.undertow.servlet@2.2.37.SP2-redhat-00001//io.undertow.servlet.handlers.ServletInitialHandler.access$000(ServletInitialHandler.java:79)
		at io.undertow.servlet@2.2.37.SP2-redhat-00001//io.undertow.servlet.handlers.ServletInitialHandler$1.handleRequest(ServletInitialHandler.java:100)
		at io.undertow.core@2.2.37.SP2-redhat-00001//io.undertow.server.Connectors.executeRootHandler(Connectors.java:395)
		at io.undertow.core@2.2.37.SP2-redhat-00001//io.undertow.server.HttpServerExchange$1.run(HttpServerExchange.java:889)
		at org.jboss.threads@2.4.0.Final-redhat-00001//org.jboss.threads.ContextClassLoaderSavingRunnable.run(ContextClassLoaderSavingRunnable.java:35)
		at org.jboss.threads@2.4.0.Final-redhat-00001//org.jboss.threads.EnhancedQueueExecutor.safeRun(EnhancedQueueExecutor.java:1990)
		at org.jboss.threads@2.4.0.Final-redhat-00001//org.jboss.threads.EnhancedQueueExecutor$ThreadBody.doRunTask(EnhancedQueueExecutor.java:1486)
		at org.jboss.threads@2.4.0.Final-redhat-00001//org.jboss.threads.EnhancedQueueExecutor$ThreadBody.run(EnhancedQueueExecutor.java:1348)
		at org.jboss.xnio@3.8.16.Final-redhat-00001//org.xnio.XnioWorker$WorkerThreadFactory$1$1.run(XnioWorker.java:1282)
		... 1 more

[0m[31m17:41:47,377 ERROR [io.undertow.request] (default task-25) UT005023: Exception handling request to /reproducer/session: org.infinispan.util.concurrent.TimeoutException: ISPN000299: Unable to acquire lock after 15 seconds for key SessionCreationMetaDataKey(U_HgIWb88N0DPWVuTyOiROZBgkvvAt-8SU-Ri-5g) and requestor GlobalTransaction{id=25, addr=node3, remote=false, xid=null, internalId=-1}. Lock is held by GlobalTransaction{id=24, addr=node3, remote=false, xid=null, internalId=-1}
	at org.infinispan//org.infinispan.interceptors.impl.AsyncInterceptorChainImpl.invoke(AsyncInterceptorChainImpl.java:255)
	at org.infinispan//org.infinispan.cache.impl.InvocationHelper.doInvoke(InvocationHelper.java:298)
	at org.infinispan//org.infinispan.cache.impl.InvocationHelper.invoke(InvocationHelper.java:102)
	at org.infinispan//org.infinispan.cache.impl.CacheImpl.get(CacheImpl.java:541)
	at org.infinispan//org.infinispan.cache.impl.DecoratedCache.get(DecoratedCache.java:522)
	at org.infinispan//org.infinispan.cache.impl.AbstractDelegatingCache.get(AbstractDelegatingCache.java:439)
	at org.infinispan//org.infinispan.cache.impl.EncoderCache.get(EncoderCache.java:696)
	at org.infinispan//org.infinispan.cache.impl.AbstractDelegatingCache.get(AbstractDelegatingCache.java:439)
	at org.wildfly.clustering.web.infinispan@7.4.23.GA-redhat-00002//org.wildfly.clustering.web.infinispan.session.InfinispanSessionMetaDataFactory.getValue(InfinispanSessionMetaDataFactory.java:101)
	at org.wildfly.clustering.web.infinispan@7.4.23.GA-redhat-00002//org.wildfly.clustering.web.infinispan.session.InfinispanSessionMetaDataFactory.findValue(InfinispanSessionMetaDataFactory.java:91)
	at org.wildfly.clustering.web.infinispan@7.4.23.GA-redhat-00002//org.wildfly.clustering.web.infinispan.session.InfinispanSessionMetaDataFactory.findValue(InfinispanSessionMetaDataFactory.java:54)
	at org.wildfly.clustering.web.cache@7.4.23.GA-redhat-00002//org.wildfly.clustering.web.cache.session.CompositeSessionFactory.findValue(CompositeSessionFactory.java:63)
	at org.wildfly.clustering.web.cache@7.4.23.GA-redhat-00002//org.wildfly.clustering.web.cache.session.CompositeSessionFactory.findValue(CompositeSessionFactory.java:40)
	at org.wildfly.clustering.web.infinispan@7.4.23.GA-redhat-00002//org.wildfly.clustering.web.infinispan.session.InfinispanSessionManager.findSession(InfinispanSessionManager.java:161)
	at org.wildfly.clustering.web.cache@7.4.23.GA-redhat-00002//org.wildfly.clustering.web.cache.session.ConcurrentSessionManager$2.apply(ConcurrentSessionManager.java:66)
	at org.wildfly.clustering.web.cache@7.4.23.GA-redhat-00002//org.wildfly.clustering.web.cache.session.ConcurrentSessionManager$2.apply(ConcurrentSessionManager.java:63)
	at org.wildfly.clustering.ee.cache@7.4.23.GA-redhat-00002//org.wildfly.clustering.ee.cache.SimpleManager.apply(SimpleManager.java:52)
	at org.wildfly.clustering.web.cache@7.4.23.GA-redhat-00002//org.wildfly.clustering.web.cache.session.ConcurrentSessionManager.findSession(ConcurrentSessionManager.java:71)
	at org.wildfly.clustering.web.undertow@7.4.23.GA-redhat-00002//org.wildfly.clustering.web.undertow.session.DistributableSessionManager.getSession(DistributableSessionManager.java:228)
	at io.undertow.servlet@2.2.37.SP2-redhat-00001//io.undertow.servlet.spec.ServletContextImpl.getSession(ServletContextImpl.java:910)
	at io.undertow.servlet@2.2.37.SP2-redhat-00001//io.undertow.servlet.spec.ServletContextImpl.getSession(ServletContextImpl.java:1010)
	at io.undertow.servlet@2.2.37.SP2-redhat-00001//io.undertow.servlet.handlers.security.CachedAuthenticatedSessionHandler.handleRequest(CachedAuthenticatedSessionHandler.java:69)
	at io.undertow.core@2.2.37.SP2-redhat-00001//io.undertow.security.handlers.NotificationReceiverHandler.handleRequest(NotificationReceiverHandler.java:50)
	at io.undertow.core@2.2.37.SP2-redhat-00001//io.undertow.security.handlers.AbstractSecurityContextAssociationHandler.handleRequest(AbstractSecurityContextAssociationHandler.java:43)
	at io.undertow.core@2.2.37.SP2-redhat-00001//io.undertow.server.handlers.PredicateHandler.handleRequest(PredicateHandler.java:43)
	at org.wildfly.extension.undertow@7.4.23.GA-redhat-00002//org.wildfly.extension.undertow.security.jacc.JACCContextIdHandler.handleRequest(JACCContextIdHandler.java:61)
	at io.undertow.core@2.2.37.SP2-redhat-00001//io.undertow.server.handlers.PredicateHandler.handleRequest(PredicateHandler.java:43)
	at org.wildfly.extension.undertow@7.4.23.GA-redhat-00002//org.wildfly.extension.undertow.deployment.GlobalRequestControllerHandler.handleRequest(GlobalRequestControllerHandler.java:68)
	at io.undertow.servlet@2.2.37.SP2-redhat-00001//io.undertow.servlet.handlers.SendErrorPageHandler.handleRequest(SendErrorPageHandler.java:52)
	at io.undertow.core@2.2.37.SP2-redhat-00001//io.undertow.server.handlers.PredicateHandler.handleRequest(PredicateHandler.java:43)
	at io.undertow.servlet@2.2.37.SP2-redhat-00001//io.undertow.servlet.handlers.ServletInitialHandler.handleFirstRequest(ServletInitialHandler.java:275)
	at io.undertow.servlet@2.2.37.SP2-redhat-00001//io.undertow.servlet.handlers.ServletInitialHandler.access$100(ServletInitialHandler.java:79)
	at io.undertow.servlet@2.2.37.SP2-redhat-00001//io.undertow.servlet.handlers.ServletInitialHandler$2.call(ServletInitialHandler.java:134)
	at io.undertow.servlet@2.2.37.SP2-redhat-00001//io.undertow.servlet.handlers.ServletInitialHandler$2.call(ServletInitialHandler.java:131)
	at io.undertow.servlet@2.2.37.SP2-redhat-00001//io.undertow.servlet.core.ServletRequestContextThreadSetupAction$1.call(ServletRequestContextThreadSetupAction.java:48)
	at io.undertow.servlet@2.2.37.SP2-redhat-00001//io.undertow.servlet.core.ContextClassLoaderSetupAction$1.call(ContextClassLoaderSetupAction.java:43)
	at org.wildfly.extension.undertow@7.4.23.GA-redhat-00002//org.wildfly.extension.undertow.security.SecurityContextThreadSetupAction.lambda$create$0(SecurityContextThreadSetupAction.java:105)
	at org.wildfly.extension.undertow@7.4.23.GA-redhat-00002//org.wildfly.extension.undertow.deployment.UndertowDeploymentInfoService$UndertowThreadSetupAction.lambda$create$0(UndertowDeploymentInfoService.java:1555)
	at org.wildfly.extension.undertow@7.4.23.GA-redhat-00002//org.wildfly.extension.undertow.deployment.UndertowDeploymentInfoService$UndertowThreadSetupAction.lambda$create$0(UndertowDeploymentInfoService.java:1555)
	at org.wildfly.extension.undertow@7.4.23.GA-redhat-00002//org.wildfly.extension.undertow.deployment.UndertowDeploymentInfoService$UndertowThreadSetupAction.lambda$create$0(UndertowDeploymentInfoService.java:1555)
	at org.wildfly.extension.undertow@7.4.23.GA-redhat-00002//org.wildfly.extension.undertow.deployment.UndertowDeploymentInfoService$UndertowThreadSetupAction.lambda$create$0(UndertowDeploymentInfoService.java:1555)
	at io.undertow.servlet@2.2.37.SP2-redhat-00001//io.undertow.servlet.handlers.ServletInitialHandler.dispatchRequest(ServletInitialHandler.java:255)
	at io.undertow.servlet@2.2.37.SP2-redhat-00001//io.undertow.servlet.handlers.ServletInitialHandler.access$000(ServletInitialHandler.java:79)
	at io.undertow.servlet@2.2.37.SP2-redhat-00001//io.undertow.servlet.handlers.ServletInitialHandler$1.handleRequest(ServletInitialHandler.java:100)
	at io.undertow.core@2.2.37.SP2-redhat-00001//io.undertow.server.Connectors.executeRootHandler(Connectors.java:395)
	at io.undertow.core@2.2.37.SP2-redhat-00001//io.undertow.server.HttpServerExchange$1.run(HttpServerExchange.java:889)
	at org.jboss.threads@2.4.0.Final-redhat-00001//org.jboss.threads.ContextClassLoaderSavingRunnable.run(ContextClassLoaderSavingRunnable.java:35)
	at org.jboss.threads@2.4.0.Final-redhat-00001//org.jboss.threads.EnhancedQueueExecutor.safeRun(EnhancedQueueExecutor.java:1990)
	at org.jboss.threads@2.4.0.Final-redhat-00001//org.jboss.threads.EnhancedQueueExecutor$ThreadBody.doRunTask(EnhancedQueueExecutor.java:1486)
	at org.jboss.threads@2.4.0.Final-redhat-00001//org.jboss.threads.EnhancedQueueExecutor$ThreadBody.run(EnhancedQueueExecutor.java:1348)
	at org.jboss.xnio@3.8.16.Final-redhat-00001//org.xnio.XnioWorker$WorkerThreadFactory$1$1.run(XnioWorker.java:1282)
	at java.base/java.lang.Thread.run(Thread.java:829)
Caused by: org.infinispan.util.concurrent.TimeoutException: ISPN000299: Unable to acquire lock after 15 seconds for key SessionCreationMetaDataKey(U_HgIWb88N0DPWVuTyOiROZBgkvvAt-8SU-Ri-5g) and requestor GlobalTransaction{id=25, addr=node3, remote=false, xid=null, internalId=-1}. Lock is held by GlobalTransaction{id=24, addr=node3, remote=false, xid=null, internalId=-1}
	at org.infinispan//org.infinispan.util.concurrent.locks.impl.DefaultLockManager$KeyAwareExtendedLockPromise.get(DefaultLockManager.java:292)
	at org.infinispan//org.infinispan.util.concurrent.locks.impl.DefaultLockManager$KeyAwareExtendedLockPromise.get(DefaultLockManager.java:222)
	at org.infinispan//org.infinispan.util.concurrent.locks.impl.InfinispanLock$LockPlaceHolder.checkState(InfinispanLock.java:440)
	at org.infinispan//org.infinispan.util.concurrent.locks.impl.InfinispanLock$LockPlaceHolder.lambda$toInvocationStage$3(InfinispanLock.java:416)
	at java.base/java.util.concurrent.CompletableFuture$UniApply.tryFire(CompletableFuture.java:642)
	at java.base/java.util.concurrent.CompletableFuture$Completion.run(CompletableFuture.java:478)
	at java.base/java.util.concurrent.ThreadPoolExecutor.runWorker(ThreadPoolExecutor.java:1128)
	at java.base/java.util.concurrent.ThreadPoolExecutor$Worker.run(ThreadPoolExecutor.java:628)
	at org.jboss.as.clustering.common@7.4.23.GA-redhat-00002//org.jboss.as.clustering.context.ContextReferenceExecutor.execute(ContextReferenceExecutor.java:49)
	at org.jboss.as.clustering.common@7.4.23.GA-redhat-00002//org.jboss.as.clustering.context.ContextualExecutor$1.run(ContextualExecutor.java:70)
	... 1 more
	Suppressed: org.infinispan.commons.util.logging.TraceException
		at org.infinispan//org.infinispan.interceptors.impl.SimpleAsyncInvocationStage.get(SimpleAsyncInvocationStage.java:39)
		at org.infinispan//org.infinispan.interceptors.impl.AsyncInterceptorChainImpl.invoke(AsyncInterceptorChainImpl.java:246)
		at org.infinispan//org.infinispan.cache.impl.InvocationHelper.doInvoke(InvocationHelper.java:298)
		at org.infinispan//org.infinispan.cache.impl.InvocationHelper.invoke(InvocationHelper.java:102)
		at org.infinispan//org.infinispan.cache.impl.CacheImpl.get(CacheImpl.java:541)
		at org.infinispan//org.infinispan.cache.impl.DecoratedCache.get(DecoratedCache.java:522)
		at org.infinispan//org.infinispan.cache.impl.AbstractDelegatingCache.get(AbstractDelegatingCache.java:439)
		at org.infinispan//org.infinispan.cache.impl.EncoderCache.get(EncoderCache.java:696)
		at org.infinispan//org.infinispan.cache.impl.AbstractDelegatingCache.get(AbstractDelegatingCache.java:439)
		at org.wildfly.clustering.web.infinispan@7.4.23.GA-redhat-00002//org.wildfly.clustering.web.infinispan.session.InfinispanSessionMetaDataFactory.getValue(InfinispanSessionMetaDataFactory.java:101)
		at org.wildfly.clustering.web.infinispan@7.4.23.GA-redhat-00002//org.wildfly.clustering.web.infinispan.session.InfinispanSessionMetaDataFactory.findValue(InfinispanSessionMetaDataFactory.java:91)
		at org.wildfly.clustering.web.infinispan@7.4.23.GA-redhat-00002//org.wildfly.clustering.web.infinispan.session.InfinispanSessionMetaDataFactory.findValue(InfinispanSessionMetaDataFactory.java:54)
		at org.wildfly.clustering.web.cache@7.4.23.GA-redhat-00002//org.wildfly.clustering.web.cache.session.CompositeSessionFactory.findValue(CompositeSessionFactory.java:63)
		at org.wildfly.clustering.web.cache@7.4.23.GA-redhat-00002//org.wildfly.clustering.web.cache.session.CompositeSessionFactory.findValue(CompositeSessionFactory.java:40)
		at org.wildfly.clustering.web.infinispan@7.4.23.GA-redhat-00002//org.wildfly.clustering.web.infinispan.session.InfinispanSessionManager.findSession(InfinispanSessionManager.java:161)
		at org.wildfly.clustering.web.cache@7.4.23.GA-redhat-00002//org.wildfly.clustering.web.cache.session.ConcurrentSessionManager$2.apply(ConcurrentSessionManager.java:66)
		at org.wildfly.clustering.web.cache@7.4.23.GA-redhat-00002//org.wildfly.clustering.web.cache.session.ConcurrentSessionManager$2.apply(ConcurrentSessionManager.java:63)
		at org.wildfly.clustering.ee.cache@7.4.23.GA-redhat-00002//org.wildfly.clustering.ee.cache.SimpleManager.apply(SimpleManager.java:52)
		at org.wildfly.clustering.web.cache@7.4.23.GA-redhat-00002//org.wildfly.clustering.web.cache.session.ConcurrentSessionManager.findSession(ConcurrentSessionManager.java:71)
		at org.wildfly.clustering.web.undertow@7.4.23.GA-redhat-00002//org.wildfly.clustering.web.undertow.session.DistributableSessionManager.getSession(DistributableSessionManager.java:228)
		at io.undertow.servlet@2.2.37.SP2-redhat-00001//io.undertow.servlet.spec.ServletContextImpl.getSession(ServletContextImpl.java:910)
		at io.undertow.servlet@2.2.37.SP2-redhat-00001//io.undertow.servlet.spec.ServletContextImpl.getSession(ServletContextImpl.java:1010)
		at io.undertow.servlet@2.2.37.SP2-redhat-00001//io.undertow.servlet.handlers.security.CachedAuthenticatedSessionHandler.handleRequest(CachedAuthenticatedSessionHandler.java:69)
		at io.undertow.core@2.2.37.SP2-redhat-00001//io.undertow.security.handlers.NotificationReceiverHandler.handleRequest(NotificationReceiverHandler.java:50)
		at io.undertow.core@2.2.37.SP2-redhat-00001//io.undertow.security.handlers.AbstractSecurityContextAssociationHandler.handleRequest(AbstractSecurityContextAssociationHandler.java:43)
		at io.undertow.core@2.2.37.SP2-redhat-00001//io.undertow.server.handlers.PredicateHandler.handleRequest(PredicateHandler.java:43)
		at org.wildfly.extension.undertow@7.4.23.GA-redhat-00002//org.wildfly.extension.undertow.security.jacc.JACCContextIdHandler.handleRequest(JACCContextIdHandler.java:61)
		at io.undertow.core@2.2.37.SP2-redhat-00001//io.undertow.server.handlers.PredicateHandler.handleRequest(PredicateHandler.java:43)
		at org.wildfly.extension.undertow@7.4.23.GA-redhat-00002//org.wildfly.extension.undertow.deployment.GlobalRequestControllerHandler.handleRequest(GlobalRequestControllerHandler.java:68)
		at io.undertow.servlet@2.2.37.SP2-redhat-00001//io.undertow.servlet.handlers.SendErrorPageHandler.handleRequest(SendErrorPageHandler.java:52)
		at io.undertow.core@2.2.37.SP2-redhat-00001//io.undertow.server.handlers.PredicateHandler.handleRequest(PredicateHandler.java:43)
		at io.undertow.servlet@2.2.37.SP2-redhat-00001//io.undertow.servlet.handlers.ServletInitialHandler.handleFirstRequest(ServletInitialHandler.java:275)
		at io.undertow.servlet@2.2.37.SP2-redhat-00001//io.undertow.servlet.handlers.ServletInitialHandler.access$100(ServletInitialHandler.java:79)
		at io.undertow.servlet@2.2.37.SP2-redhat-00001//io.undertow.servlet.handlers.ServletInitialHandler$2.call(ServletInitialHandler.java:134)
		at io.undertow.servlet@2.2.37.SP2-redhat-00001//io.undertow.servlet.handlers.ServletInitialHandler$2.call(ServletInitialHandler.java:131)
		at io.undertow.servlet@2.2.37.SP2-redhat-00001//io.undertow.servlet.core.ServletRequestContextThreadSetupAction$1.call(ServletRequestContextThreadSetupAction.java:48)
		at io.undertow.servlet@2.2.37.SP2-redhat-00001//io.undertow.servlet.core.ContextClassLoaderSetupAction$1.call(ContextClassLoaderSetupAction.java:43)
		at org.wildfly.extension.undertow@7.4.23.GA-redhat-00002//org.wildfly.extension.undertow.security.SecurityContextThreadSetupAction.lambda$create$0(SecurityContextThreadSetupAction.java:105)
		at org.wildfly.extension.undertow@7.4.23.GA-redhat-00002//org.wildfly.extension.undertow.deployment.UndertowDeploymentInfoService$UndertowThreadSetupAction.lambda$create$0(UndertowDeploymentInfoService.java:1555)
		at org.wildfly.extension.undertow@7.4.23.GA-redhat-00002//org.wildfly.extension.undertow.deployment.UndertowDeploymentInfoService$UndertowThreadSetupAction.lambda$create$0(UndertowDeploymentInfoService.java:1555)
		at org.wildfly.extension.undertow@7.4.23.GA-redhat-00002//org.wildfly.extension.undertow.deployment.UndertowDeploymentInfoService$UndertowThreadSetupAction.lambda$create$0(UndertowDeploymentInfoService.java:1555)
		at org.wildfly.extension.undertow@7.4.23.GA-redhat-00002//org.wildfly.extension.undertow.deployment.UndertowDeploymentInfoService$UndertowThreadSetupAction.lambda$create$0(UndertowDeploymentInfoService.java:1555)
		at io.undertow.servlet@2.2.37.SP2-redhat-00001//io.undertow.servlet.handlers.ServletInitialHandler.dispatchRequest(ServletInitialHandler.java:255)
		at io.undertow.servlet@2.2.37.SP2-redhat-00001//io.undertow.servlet.handlers.ServletInitialHandler.access$000(ServletInitialHandler.java:79)
		at io.undertow.servlet@2.2.37.SP2-redhat-00001//io.undertow.servlet.handlers.ServletInitialHandler$1.handleRequest(ServletInitialHandler.java:100)
		at io.undertow.core@2.2.37.SP2-redhat-00001//io.undertow.server.Connectors.executeRootHandler(Connectors.java:395)
		at io.undertow.core@2.2.37.SP2-redhat-00001//io.undertow.server.HttpServerExchange$1.run(HttpServerExchange.java:889)
		at org.jboss.threads@2.4.0.Final-redhat-00001//org.jboss.threads.ContextClassLoaderSavingRunnable.run(ContextClassLoaderSavingRunnable.java:35)
		at org.jboss.threads@2.4.0.Final-redhat-00001//org.jboss.threads.EnhancedQueueExecutor.safeRun(EnhancedQueueExecutor.java:1990)
		at org.jboss.threads@2.4.0.Final-redhat-00001//org.jboss.threads.EnhancedQueueExecutor$ThreadBody.doRunTask(EnhancedQueueExecutor.java:1486)
		at org.jboss.threads@2.4.0.Final-redhat-00001//org.jboss.threads.EnhancedQueueExecutor$ThreadBody.run(EnhancedQueueExecutor.java:1348)
		at org.jboss.xnio@3.8.16.Final-redhat-00001//org.xnio.XnioWorker$WorkerThreadFactory$1$1.run(XnioWorker.java:1282)
		... 1 more

[0m[31m17:41:47,378 ERROR [io.undertow.request] (default task-20) UT005023: Exception handling request to /reproducer/session: org.infinispan.util.concurrent.TimeoutException: ISPN000299: Unable to acquire lock after 15 seconds for key SessionCreationMetaDataKey(U_HgIWb88N0DPWVuTyOiROZBgkvvAt-8SU-Ri-5g) and requestor GlobalTransaction{id=32, addr=node3, remote=false, xid=null, internalId=-1}. Lock is held by GlobalTransaction{id=24, addr=node3, remote=false, xid=null, internalId=-1}
	at org.infinispan//org.infinispan.interceptors.impl.AsyncInterceptorChainImpl.invoke(AsyncInterceptorChainImpl.java:255)
	at org.infinispan//org.infinispan.cache.impl.InvocationHelper.doInvoke(InvocationHelper.java:298)
	at org.infinispan//org.infinispan.cache.impl.InvocationHelper.invoke(InvocationHelper.java:102)
	at org.infinispan//org.infinispan.cache.impl.CacheImpl.get(CacheImpl.java:541)
	at org.infinispan//org.infinispan.cache.impl.DecoratedCache.get(DecoratedCache.java:522)
	at org.infinispan//org.infinispan.cache.impl.AbstractDelegatingCache.get(AbstractDelegatingCache.java:439)
	at org.infinispan//org.infinispan.cache.impl.EncoderCache.get(EncoderCache.java:696)
	at org.infinispan//org.infinispan.cache.impl.AbstractDelegatingCache.get(AbstractDelegatingCache.java:439)
	at org.wildfly.clustering.web.infinispan@7.4.23.GA-redhat-00002//org.wildfly.clustering.web.infinispan.session.InfinispanSessionMetaDataFactory.getValue(InfinispanSessionMetaDataFactory.java:101)
	at org.wildfly.clustering.web.infinispan@7.4.23.GA-redhat-00002//org.wildfly.clustering.web.infinispan.session.InfinispanSessionMetaDataFactory.findValue(InfinispanSessionMetaDataFactory.java:91)
	at org.wildfly.clustering.web.infinispan@7.4.23.GA-redhat-00002//org.wildfly.clustering.web.infinispan.session.InfinispanSessionMetaDataFactory.findValue(InfinispanSessionMetaDataFactory.java:54)
	at org.wildfly.clustering.web.cache@7.4.23.GA-redhat-00002//org.wildfly.clustering.web.cache.session.CompositeSessionFactory.findValue(CompositeSessionFactory.java:63)
	at org.wildfly.clustering.web.cache@7.4.23.GA-redhat-00002//org.wildfly.clustering.web.cache.session.CompositeSessionFactory.findValue(CompositeSessionFactory.java:40)
	at org.wildfly.clustering.web.infinispan@7.4.23.GA-redhat-00002//org.wildfly.clustering.web.infinispan.session.InfinispanSessionManager.findSession(InfinispanSessionManager.java:161)
	at org.wildfly.clustering.web.cache@7.4.23.GA-redhat-00002//org.wildfly.clustering.web.cache.session.ConcurrentSessionManager$2.apply(ConcurrentSessionManager.java:66)
	at org.wildfly.clustering.web.cache@7.4.23.GA-redhat-00002//org.wildfly.clustering.web.cache.session.ConcurrentSessionManager$2.apply(ConcurrentSessionManager.java:63)
	at org.wildfly.clustering.ee.cache@7.4.23.GA-redhat-00002//org.wildfly.clustering.ee.cache.SimpleManager.apply(SimpleManager.java:52)
	at org.wildfly.clustering.web.cache@7.4.23.GA-redhat-00002//org.wildfly.clustering.web.cache.session.ConcurrentSessionManager.findSession(ConcurrentSessionManager.java:71)
	at org.wildfly.clustering.web.undertow@7.4.23.GA-redhat-00002//org.wildfly.clustering.web.undertow.session.DistributableSessionManager.getSession(DistributableSessionManager.java:228)
	at io.undertow.servlet@2.2.37.SP2-redhat-00001//io.undertow.servlet.spec.ServletContextImpl.getSession(ServletContextImpl.java:910)
	at io.undertow.servlet@2.2.37.SP2-redhat-00001//io.undertow.servlet.spec.ServletContextImpl.getSession(ServletContextImpl.java:1010)
	at io.undertow.servlet@2.2.37.SP2-redhat-00001//io.undertow.servlet.handlers.security.CachedAuthenticatedSessionHandler.handleRequest(CachedAuthenticatedSessionHandler.java:69)
	at io.undertow.core@2.2.37.SP2-redhat-00001//io.undertow.security.handlers.NotificationReceiverHandler.handleRequest(NotificationReceiverHandler.java:50)
	at io.undertow.core@2.2.37.SP2-redhat-00001//io.undertow.security.handlers.AbstractSecurityContextAssociationHandler.handleRequest(AbstractSecurityContextAssociationHandler.java:43)
	at io.undertow.core@2.2.37.SP2-redhat-00001//io.undertow.server.handlers.PredicateHandler.handleRequest(PredicateHandler.java:43)
	at org.wildfly.extension.undertow@7.4.23.GA-redhat-00002//org.wildfly.extension.undertow.security.jacc.JACCContextIdHandler.handleRequest(JACCContextIdHandler.java:61)
	at io.undertow.core@2.2.37.SP2-redhat-00001//io.undertow.server.handlers.PredicateHandler.handleRequest(PredicateHandler.java:43)
	at org.wildfly.extension.undertow@7.4.23.GA-redhat-00002//org.wildfly.extension.undertow.deployment.GlobalRequestControllerHandler.handleRequest(GlobalRequestControllerHandler.java:68)
	at io.undertow.servlet@2.2.37.SP2-redhat-00001//io.undertow.servlet.handlers.SendErrorPageHandler.handleRequest(SendErrorPageHandler.java:52)
	at io.undertow.core@2.2.37.SP2-redhat-00001//io.undertow.server.handlers.PredicateHandler.handleRequest(PredicateHandler.java:43)
	at io.undertow.servlet@2.2.37.SP2-redhat-00001//io.undertow.servlet.handlers.ServletInitialHandler.handleFirstRequest(ServletInitialHandler.java:275)
	at io.undertow.servlet@2.2.37.SP2-redhat-00001//io.undertow.servlet.handlers.ServletInitialHandler.access$100(ServletInitialHandler.java:79)
	at io.undertow.servlet@2.2.37.SP2-redhat-00001//io.undertow.servlet.handlers.ServletInitialHandler$2.call(ServletInitialHandler.java:134)
	at io.undertow.servlet@2.2.37.SP2-redhat-00001//io.undertow.servlet.handlers.ServletInitialHandler$2.call(ServletInitialHandler.java:131)
	at io.undertow.servlet@2.2.37.SP2-redhat-00001//io.undertow.servlet.core.ServletRequestContextThreadSetupAction$1.call(ServletRequestContextThreadSetupAction.java:48)
	at io.undertow.servlet@2.2.37.SP2-redhat-00001//io.undertow.servlet.core.ContextClassLoaderSetupAction$1.call(ContextClassLoaderSetupAction.java:43)
	at org.wildfly.extension.undertow@7.4.23.GA-redhat-00002//org.wildfly.extension.undertow.security.SecurityContextThreadSetupAction.lambda$create$0(SecurityContextThreadSetupAction.java:105)
	at org.wildfly.extension.undertow@7.4.23.GA-redhat-00002//org.wildfly.extension.undertow.deployment.UndertowDeploymentInfoService$UndertowThreadSetupAction.lambda$create$0(UndertowDeploymentInfoService.java:1555)
	at org.wildfly.extension.undertow@7.4.23.GA-redhat-00002//org.wildfly.extension.undertow.deployment.UndertowDeploymentInfoService$UndertowThreadSetupAction.lambda$create$0(UndertowDeploymentInfoService.java:1555)
	at org.wildfly.extension.undertow@7.4.23.GA-redhat-00002//org.wildfly.extension.undertow.deployment.UndertowDeploymentInfoService$UndertowThreadSetupAction.lambda$create$0(UndertowDeploymentInfoService.java:1555)
	at org.wildfly.extension.undertow@7.4.23.GA-redhat-00002//org.wildfly.extension.undertow.deployment.UndertowDeploymentInfoService$UndertowThreadSetupAction.lambda$create$0(UndertowDeploymentInfoService.java:1555)
	at io.undertow.servlet@2.2.37.SP2-redhat-00001//io.undertow.servlet.handlers.ServletInitialHandler.dispatchRequest(ServletInitialHandler.java:255)
	at io.undertow.servlet@2.2.37.SP2-redhat-00001//io.undertow.servlet.handlers.ServletInitialHandler.access$000(ServletInitialHandler.java:79)
	at io.undertow.servlet@2.2.37.SP2-redhat-00001//io.undertow.servlet.handlers.ServletInitialHandler$1.handleRequest(ServletInitialHandler.java:100)
	at io.undertow.core@2.2.37.SP2-redhat-00001//io.undertow.server.Connectors.executeRootHandler(Connectors.java:395)
	at io.undertow.core@2.2.37.SP2-redhat-00001//io.undertow.server.HttpServerExchange$1.run(HttpServerExchange.java:889)
	at org.jboss.threads@2.4.0.Final-redhat-00001//org.jboss.threads.ContextClassLoaderSavingRunnable.run(ContextClassLoaderSavingRunnable.java:35)
	at org.jboss.threads@2.4.0.Final-redhat-00001//org.jboss.threads.EnhancedQueueExecutor.safeRun(EnhancedQueueExecutor.java:1990)
	at org.jboss.threads@2.4.0.Final-redhat-00001//org.jboss.threads.EnhancedQueueExecutor$ThreadBody.doRunTask(EnhancedQueueExecutor.java:1486)
	at org.jboss.threads@2.4.0.Final-redhat-00001//org.jboss.threads.EnhancedQueueExecutor$ThreadBody.run(EnhancedQueueExecutor.java:1348)
	at org.jboss.xnio@3.8.16.Final-redhat-00001//org.xnio.XnioWorker$WorkerThreadFactory$1$1.run(XnioWorker.java:1282)
	at java.base/java.lang.Thread.run(Thread.java:829)
Caused by: org.infinispan.util.concurrent.TimeoutException: ISPN000299: Unable to acquire lock after 15 seconds for key SessionCreationMetaDataKey(U_HgIWb88N0DPWVuTyOiROZBgkvvAt-8SU-Ri-5g) and requestor GlobalTransaction{id=32, addr=node3, remote=false, xid=null, internalId=-1}. Lock is held by GlobalTransaction{id=24, addr=node3, remote=false, xid=null, internalId=-1}
	at org.infinispan//org.infinispan.util.concurrent.locks.impl.DefaultLockManager$KeyAwareExtendedLockPromise.get(DefaultLockManager.java:292)
	at org.infinispan//org.infinispan.util.concurrent.locks.impl.DefaultLockManager$KeyAwareExtendedLockPromise.get(DefaultLockManager.java:222)
	at org.infinispan//org.infinispan.util.concurrent.locks.impl.InfinispanLock$LockPlaceHolder.checkState(InfinispanLock.java:440)
	at org.infinispan//org.infinispan.util.concurrent.locks.impl.InfinispanLock$LockPlaceHolder.lambda$toInvocationStage$3(InfinispanLock.java:416)
	at java.base/java.util.concurrent.CompletableFuture$UniApply.tryFire(CompletableFuture.java:642)
	at java.base/java.util.concurrent.CompletableFuture$Completion.run(CompletableFuture.java:478)
	at java.base/java.util.concurrent.ThreadPoolExecutor.runWorker(ThreadPoolExecutor.java:1128)
	at java.base/java.util.concurrent.ThreadPoolExecutor$Worker.run(ThreadPoolExecutor.java:628)
	at org.jboss.as.clustering.common@7.4.23.GA-redhat-00002//org.jboss.as.clustering.context.ContextReferenceExecutor.execute(ContextReferenceExecutor.java:49)
	at org.jboss.as.clustering.common@7.4.23.GA-redhat-00002//org.jboss.as.clustering.context.ContextualExecutor$1.run(ContextualExecutor.java:70)
	... 1 more
	Suppressed: org.infinispan.commons.util.logging.TraceException
		at org.infinispan//org.infinispan.interceptors.impl.SimpleAsyncInvocationStage.get(SimpleAsyncInvocationStage.java:39)
		at org.infinispan//org.infinispan.interceptors.impl.AsyncInterceptorChainImpl.invoke(AsyncInterceptorChainImpl.java:246)
		at org.infinispan//org.infinispan.cache.impl.InvocationHelper.doInvoke(InvocationHelper.java:298)
		at org.infinispan//org.infinispan.cache.impl.InvocationHelper.invoke(InvocationHelper.java:102)
		at org.infinispan//org.infinispan.cache.impl.CacheImpl.get(CacheImpl.java:541)
		at org.infinispan//org.infinispan.cache.impl.DecoratedCache.get(DecoratedCache.java:522)
		at org.infinispan//org.infinispan.cache.impl.AbstractDelegatingCache.get(AbstractDelegatingCache.java:439)
		at org.infinispan//org.infinispan.cache.impl.EncoderCache.get(EncoderCache.java:696)
		at org.infinispan//org.infinispan.cache.impl.AbstractDelegatingCache.get(AbstractDelegatingCache.java:439)
		at org.wildfly.clustering.web.infinispan@7.4.23.GA-redhat-00002//org.wildfly.clustering.web.infinispan.session.InfinispanSessionMetaDataFactory.getValue(InfinispanSessionMetaDataFactory.java:101)
		at org.wildfly.clustering.web.infinispan@7.4.23.GA-redhat-00002//org.wildfly.clustering.web.infinispan.session.InfinispanSessionMetaDataFactory.findValue(InfinispanSessionMetaDataFactory.java:91)
		at org.wildfly.clustering.web.infinispan@7.4.23.GA-redhat-00002//org.wildfly.clustering.web.infinispan.session.InfinispanSessionMetaDataFactory.findValue(InfinispanSessionMetaDataFactory.java:54)
		at org.wildfly.clustering.web.cache@7.4.23.GA-redhat-00002//org.wildfly.clustering.web.cache.session.CompositeSessionFactory.findValue(CompositeSessionFactory.java:63)
		at org.wildfly.clustering.web.cache@7.4.23.GA-redhat-00002//org.wildfly.clustering.web.cache.session.CompositeSessionFactory.findValue(CompositeSessionFactory.java:40)
		at org.wildfly.clustering.web.infinispan@7.4.23.GA-redhat-00002//org.wildfly.clustering.web.infinispan.session.InfinispanSessionManager.findSession(InfinispanSessionManager.java:161)
		at org.wildfly.clustering.web.cache@7.4.23.GA-redhat-00002//org.wildfly.clustering.web.cache.session.ConcurrentSessionManager$2.apply(ConcurrentSessionManager.java:66)
		at org.wildfly.clustering.web.cache@7.4.23.GA-redhat-00002//org.wildfly.clustering.web.cache.session.ConcurrentSessionManager$2.apply(ConcurrentSessionManager.java:63)
		at org.wildfly.clustering.ee.cache@7.4.23.GA-redhat-00002//org.wildfly.clustering.ee.cache.SimpleManager.apply(SimpleManager.java:52)
		at org.wildfly.clustering.web.cache@7.4.23.GA-redhat-00002//org.wildfly.clustering.web.cache.session.ConcurrentSessionManager.findSession(ConcurrentSessionManager.java:71)
		at org.wildfly.clustering.web.undertow@7.4.23.GA-redhat-00002//org.wildfly.clustering.web.undertow.session.DistributableSessionManager.getSession(DistributableSessionManager.java:228)
		at io.undertow.servlet@2.2.37.SP2-redhat-00001//io.undertow.servlet.spec.ServletContextImpl.getSession(ServletContextImpl.java:910)
		at io.undertow.servlet@2.2.37.SP2-redhat-00001//io.undertow.servlet.spec.ServletContextImpl.getSession(ServletContextImpl.java:1010)
		at io.undertow.servlet@2.2.37.SP2-redhat-00001//io.undertow.servlet.handlers.security.CachedAuthenticatedSessionHandler.handleRequest(CachedAuthenticatedSessionHandler.java:69)
		at io.undertow.core@2.2.37.SP2-redhat-00001//io.undertow.security.handlers.NotificationReceiverHandler.handleRequest(NotificationReceiverHandler.java:50)
		at io.undertow.core@2.2.37.SP2-redhat-00001//io.undertow.security.handlers.AbstractSecurityContextAssociationHandler.handleRequest(AbstractSecurityContextAssociationHandler.java:43)
		at io.undertow.core@2.2.37.SP2-redhat-00001//io.undertow.server.handlers.PredicateHandler.handleRequest(PredicateHandler.java:43)
		at org.wildfly.extension.undertow@7.4.23.GA-redhat-00002//org.wildfly.extension.undertow.security.jacc.JACCContextIdHandler.handleRequest(JACCContextIdHandler.java:61)
		at io.undertow.core@2.2.37.SP2-redhat-00001//io.undertow.server.handlers.PredicateHandler.handleRequest(PredicateHandler.java:43)
		at org.wildfly.extension.undertow@7.4.23.GA-redhat-00002//org.wildfly.extension.undertow.deployment.GlobalRequestControllerHandler.handleRequest(GlobalRequestControllerHandler.java:68)
		at io.undertow.servlet@2.2.37.SP2-redhat-00001//io.undertow.servlet.handlers.SendErrorPageHandler.handleRequest(SendErrorPageHandler.java:52)
		at io.undertow.core@2.2.37.SP2-redhat-00001//io.undertow.server.handlers.PredicateHandler.handleRequest(PredicateHandler.java:43)
		at io.undertow.servlet@2.2.37.SP2-redhat-00001//io.undertow.servlet.handlers.ServletInitialHandler.handleFirstRequest(ServletInitialHandler.java:275)
		at io.undertow.servlet@2.2.37.SP2-redhat-00001//io.undertow.servlet.handlers.ServletInitialHandler.access$100(ServletInitialHandler.java:79)
		at io.undertow.servlet@2.2.37.SP2-redhat-00001//io.undertow.servlet.handlers.ServletInitialHandler$2.call(ServletInitialHandler.java:134)
		at io.undertow.servlet@2.2.37.SP2-redhat-00001//io.undertow.servlet.handlers.ServletInitialHandler$2.call(ServletInitialHandler.java:131)
		at io.undertow.servlet@2.2.37.SP2-redhat-00001//io.undertow.servlet.core.ServletRequestContextThreadSetupAction$1.call(ServletRequestContextThreadSetupAction.java:48)
		at io.undertow.servlet@2.2.37.SP2-redhat-00001//io.undertow.servlet.core.ContextClassLoaderSetupAction$1.call(ContextClassLoaderSetupAction.java:43)
		at org.wildfly.extension.undertow@7.4.23.GA-redhat-00002//org.wildfly.extension.undertow.security.SecurityContextThreadSetupAction.lambda$create$0(SecurityContextThreadSetupAction.java:105)
		at org.wildfly.extension.undertow@7.4.23.GA-redhat-00002//org.wildfly.extension.undertow.deployment.UndertowDeploymentInfoService$UndertowThreadSetupAction.lambda$create$0(UndertowDeploymentInfoService.java:1555)
		at org.wildfly.extension.undertow@7.4.23.GA-redhat-00002//org.wildfly.extension.undertow.deployment.UndertowDeploymentInfoService$UndertowThreadSetupAction.lambda$create$0(UndertowDeploymentInfoService.java:1555)
		at org.wildfly.extension.undertow@7.4.23.GA-redhat-00002//org.wildfly.extension.undertow.deployment.UndertowDeploymentInfoService$UndertowThreadSetupAction.lambda$create$0(UndertowDeploymentInfoService.java:1555)
		at org.wildfly.extension.undertow@7.4.23.GA-redhat-00002//org.wildfly.extension.undertow.deployment.UndertowDeploymentInfoService$UndertowThreadSetupAction.lambda$create$0(UndertowDeploymentInfoService.java:1555)
		at io.undertow.servlet@2.2.37.SP2-redhat-00001//io.undertow.servlet.handlers.ServletInitialHandler.dispatchRequest(ServletInitialHandler.java:255)
		at io.undertow.servlet@2.2.37.SP2-redhat-00001//io.undertow.servlet.handlers.ServletInitialHandler.access$000(ServletInitialHandler.java:79)
		at io.undertow.servlet@2.2.37.SP2-redhat-00001//io.undertow.servlet.handlers.ServletInitialHandler$1.handleRequest(ServletInitialHandler.java:100)
		at io.undertow.core@2.2.37.SP2-redhat-00001//io.undertow.server.Connectors.executeRootHandler(Connectors.java:395)
		at io.undertow.core@2.2.37.SP2-redhat-00001//io.undertow.server.HttpServerExchange$1.run(HttpServerExchange.java:889)
		at org.jboss.threads@2.4.0.Final-redhat-00001//org.jboss.threads.ContextClassLoaderSavingRunnable.run(ContextClassLoaderSavingRunnable.java:35)
		at org.jboss.threads@2.4.0.Final-redhat-00001//org.jboss.threads.EnhancedQueueExecutor.safeRun(EnhancedQueueExecutor.java:1990)
		at org.jboss.threads@2.4.0.Final-redhat-00001//org.jboss.threads.EnhancedQueueExecutor$ThreadBody.doRunTask(EnhancedQueueExecutor.java:1486)
		at org.jboss.threads@2.4.0.Final-redhat-00001//org.jboss.threads.EnhancedQueueExecutor$ThreadBody.run(EnhancedQueueExecutor.java:1348)
		at org.jboss.xnio@3.8.16.Final-redhat-00001//org.xnio.XnioWorker$WorkerThreadFactory$1$1.run(XnioWorker.java:1282)
		... 1 more

[0m[31m17:41:47,382 ERROR [io.undertow.request] (default task-13) UT005023: Exception handling request to /reproducer/session: org.infinispan.util.concurrent.TimeoutException: ISPN000299: Unable to acquire lock after 15 seconds for key SessionCreationMetaDataKey(U_HgIWb88N0DPWVuTyOiROZBgkvvAt-8SU-Ri-5g) and requestor GlobalTransaction{id=36, addr=node3, remote=false, xid=null, internalId=-1}. Lock is held by GlobalTransaction{id=24, addr=node3, remote=false, xid=null, internalId=-1}
	at org.infinispan//org.infinispan.interceptors.impl.AsyncInterceptorChainImpl.invoke(AsyncInterceptorChainImpl.java:255)
	at org.infinispan//org.infinispan.cache.impl.InvocationHelper.doInvoke(InvocationHelper.java:298)
	at org.infinispan//org.infinispan.cache.impl.InvocationHelper.invoke(InvocationHelper.java:102)
	at org.infinispan//org.infinispan.cache.impl.CacheImpl.get(CacheImpl.java:541)
	at org.infinispan//org.infinispan.cache.impl.DecoratedCache.get(DecoratedCache.java:522)
	at org.infinispan//org.infinispan.cache.impl.AbstractDelegatingCache.get(AbstractDelegatingCache.java:439)
	at org.infinispan//org.infinispan.cache.impl.EncoderCache.get(EncoderCache.java:696)
	at org.infinispan//org.infinispan.cache.impl.AbstractDelegatingCache.get(AbstractDelegatingCache.java:439)
	at org.wildfly.clustering.web.infinispan@7.4.23.GA-redhat-00002//org.wildfly.clustering.web.infinispan.session.InfinispanSessionMetaDataFactory.getValue(InfinispanSessionMetaDataFactory.java:101)
	at org.wildfly.clustering.web.infinispan@7.4.23.GA-redhat-00002//org.wildfly.clustering.web.infinispan.session.InfinispanSessionMetaDataFactory.findValue(InfinispanSessionMetaDataFactory.java:91)
	at org.wildfly.clustering.web.infinispan@7.4.23.GA-redhat-00002//org.wildfly.clustering.web.infinispan.session.InfinispanSessionMetaDataFactory.findValue(InfinispanSessionMetaDataFactory.java:54)
	at org.wildfly.clustering.web.cache@7.4.23.GA-redhat-00002//org.wildfly.clustering.web.cache.session.CompositeSessionFactory.findValue(CompositeSessionFactory.java:63)
	at org.wildfly.clustering.web.cache@7.4.23.GA-redhat-00002//org.wildfly.clustering.web.cache.session.CompositeSessionFactory.findValue(CompositeSessionFactory.java:40)
	at org.wildfly.clustering.web.infinispan@7.4.23.GA-redhat-00002//org.wildfly.clustering.web.infinispan.session.InfinispanSessionManager.findSession(InfinispanSessionManager.java:161)
	at org.wildfly.clustering.web.cache@7.4.23.GA-redhat-00002//org.wildfly.clustering.web.cache.session.ConcurrentSessionManager$2.apply(ConcurrentSessionManager.java:66)
	at org.wildfly.clustering.web.cache@7.4.23.GA-redhat-00002//org.wildfly.clustering.web.cache.session.ConcurrentSessionManager$2.apply(ConcurrentSessionManager.java:63)
	at org.wildfly.clustering.ee.cache@7.4.23.GA-redhat-00002//org.wildfly.clustering.ee.cache.SimpleManager.apply(SimpleManager.java:52)
	at org.wildfly.clustering.web.cache@7.4.23.GA-redhat-00002//org.wildfly.clustering.web.cache.session.ConcurrentSessionManager.findSession(ConcurrentSessionManager.java:71)
	at org.wildfly.clustering.web.undertow@7.4.23.GA-redhat-00002//org.wildfly.clustering.web.undertow.session.DistributableSessionManager.getSession(DistributableSessionManager.java:228)
	at io.undertow.servlet@2.2.37.SP2-redhat-00001//io.undertow.servlet.spec.ServletContextImpl.getSession(ServletContextImpl.java:910)
	at io.undertow.servlet@2.2.37.SP2-redhat-00001//io.undertow.servlet.spec.ServletContextImpl.getSession(ServletContextImpl.java:1010)
	at io.undertow.servlet@2.2.37.SP2-redhat-00001//io.undertow.servlet.handlers.security.CachedAuthenticatedSessionHandler.handleRequest(CachedAuthenticatedSessionHandler.java:69)
	at io.undertow.core@2.2.37.SP2-redhat-00001//io.undertow.security.handlers.NotificationReceiverHandler.handleRequest(NotificationReceiverHandler.java:50)
	at io.undertow.core@2.2.37.SP2-redhat-00001//io.undertow.security.handlers.AbstractSecurityContextAssociationHandler.handleRequest(AbstractSecurityContextAssociationHandler.java:43)
	at io.undertow.core@2.2.37.SP2-redhat-00001//io.undertow.server.handlers.PredicateHandler.handleRequest(PredicateHandler.java:43)
	at org.wildfly.extension.undertow@7.4.23.GA-redhat-00002//org.wildfly.extension.undertow.security.jacc.JACCContextIdHandler.handleRequest(JACCContextIdHandler.java:61)
	at io.undertow.core@2.2.37.SP2-redhat-00001//io.undertow.server.handlers.PredicateHandler.handleRequest(PredicateHandler.java:43)
	at org.wildfly.extension.undertow@7.4.23.GA-redhat-00002//org.wildfly.extension.undertow.deployment.GlobalRequestControllerHandler.handleRequest(GlobalRequestControllerHandler.java:68)
	at io.undertow.servlet@2.2.37.SP2-redhat-00001//io.undertow.servlet.handlers.SendErrorPageHandler.handleRequest(SendErrorPageHandler.java:52)
	at io.undertow.core@2.2.37.SP2-redhat-00001//io.undertow.server.handlers.PredicateHandler.handleRequest(PredicateHandler.java:43)
	at io.undertow.servlet@2.2.37.SP2-redhat-00001//io.undertow.servlet.handlers.ServletInitialHandler.handleFirstRequest(ServletInitialHandler.java:275)
	at io.undertow.servlet@2.2.37.SP2-redhat-00001//io.undertow.servlet.handlers.ServletInitialHandler.access$100(ServletInitialHandler.java:79)
	at io.undertow.servlet@2.2.37.SP2-redhat-00001//io.undertow.servlet.handlers.ServletInitialHandler$2.call(ServletInitialHandler.java:134)
	at io.undertow.servlet@2.2.37.SP2-redhat-00001//io.undertow.servlet.handlers.ServletInitialHandler$2.call(ServletInitialHandler.java:131)
	at io.undertow.servlet@2.2.37.SP2-redhat-00001//io.undertow.servlet.core.ServletRequestContextThreadSetupAction$1.call(ServletRequestContextThreadSetupAction.java:48)
	at io.undertow.servlet@2.2.37.SP2-redhat-00001//io.undertow.servlet.core.ContextClassLoaderSetupAction$1.call(ContextClassLoaderSetupAction.java:43)
	at org.wildfly.extension.undertow@7.4.23.GA-redhat-00002//org.wildfly.extension.undertow.security.SecurityContextThreadSetupAction.lambda$create$0(SecurityContextThreadSetupAction.java:105)
	at org.wildfly.extension.undertow@7.4.23.GA-redhat-00002//org.wildfly.extension.undertow.deployment.UndertowDeploymentInfoService$UndertowThreadSetupAction.lambda$create$0(UndertowDeploymentInfoService.java:1555)
	at org.wildfly.extension.undertow@7.4.23.GA-redhat-00002//org.wildfly.extension.undertow.deployment.UndertowDeploymentInfoService$UndertowThreadSetupAction.lambda$create$0(UndertowDeploymentInfoService.java:1555)
	at org.wildfly.extension.undertow@7.4.23.GA-redhat-00002//org.wildfly.extension.undertow.deployment.UndertowDeploymentInfoService$UndertowThreadSetupAction.lambda$create$0(UndertowDeploymentInfoService.java:1555)
	at org.wildfly.extension.undertow@7.4.23.GA-redhat-00002//org.wildfly.extension.undertow.deployment.UndertowDeploymentInfoService$UndertowThreadSetupAction.lambda$create$0(UndertowDeploymentInfoService.java:1555)
	at io.undertow.servlet@2.2.37.SP2-redhat-00001//io.undertow.servlet.handlers.ServletInitialHandler.dispatchRequest(ServletInitialHandler.java:255)
	at io.undertow.servlet@2.2.37.SP2-redhat-00001//io.undertow.servlet.handlers.ServletInitialHandler.access$000(ServletInitialHandler.java:79)
	at io.undertow.servlet@2.2.37.SP2-redhat-00001//io.undertow.servlet.handlers.ServletInitialHandler$1.handleRequest(ServletInitialHandler.java:100)
	at io.undertow.core@2.2.37.SP2-redhat-00001//io.undertow.server.Connectors.executeRootHandler(Connectors.java:395)
	at io.undertow.core@2.2.37.SP2-redhat-00001//io.undertow.server.HttpServerExchange$1.run(HttpServerExchange.java:889)
	at org.jboss.threads@2.4.0.Final-redhat-00001//org.jboss.threads.ContextClassLoaderSavingRunnable.run(ContextClassLoaderSavingRunnable.java:35)
	at org.jboss.threads@2.4.0.Final-redhat-00001//org.jboss.threads.EnhancedQueueExecutor.safeRun(EnhancedQueueExecutor.java:1990)
	at org.jboss.threads@2.4.0.Final-redhat-00001//org.jboss.threads.EnhancedQueueExecutor$ThreadBody.doRunTask(EnhancedQueueExecutor.java:1486)
	at org.jboss.threads@2.4.0.Final-redhat-00001//org.jboss.threads.EnhancedQueueExecutor$ThreadBody.run(EnhancedQueueExecutor.java:1348)
	at org.jboss.xnio@3.8.16.Final-redhat-00001//org.xnio.XnioWorker$WorkerThreadFactory$1$1.run(XnioWorker.java:1282)
	at java.base/java.lang.Thread.run(Thread.java:829)
Caused by: org.infinispan.util.concurrent.TimeoutException: ISPN000299: Unable to acquire lock after 15 seconds for key SessionCreationMetaDataKey(U_HgIWb88N0DPWVuTyOiROZBgkvvAt-8SU-Ri-5g) and requestor GlobalTransaction{id=36, addr=node3, remote=false, xid=null, internalId=-1}. Lock is held by GlobalTransaction{id=24, addr=node3, remote=false, xid=null, internalId=-1}
	at org.infinispan//org.infinispan.util.concurrent.locks.impl.DefaultLockManager$KeyAwareExtendedLockPromise.get(DefaultLockManager.java:292)
	at org.infinispan//org.infinispan.util.concurrent.locks.impl.DefaultLockManager$KeyAwareExtendedLockPromise.get(DefaultLockManager.java:222)
	at org.infinispan//org.infinispan.util.concurrent.locks.impl.InfinispanLock$LockPlaceHolder.checkState(InfinispanLock.java:440)
	at org.infinispan//org.infinispan.util.concurrent.locks.impl.InfinispanLock$LockPlaceHolder.lambda$toInvocationStage$3(InfinispanLock.java:416)
	at java.base/java.util.concurrent.CompletableFuture$UniApply.tryFire(CompletableFuture.java:642)
	at java.base/java.util.concurrent.CompletableFuture$Completion.run(CompletableFuture.java:478)
	at java.base/java.util.concurrent.ThreadPoolExecutor.runWorker(ThreadPoolExecutor.java:1128)
	at java.base/java.util.concurrent.ThreadPoolExecutor$Worker.run(ThreadPoolExecutor.java:628)
	at org.jboss.as.clustering.common@7.4.23.GA-redhat-00002//org.jboss.as.clustering.context.ContextReferenceExecutor.execute(ContextReferenceExecutor.java:49)
	at org.jboss.as.clustering.common@7.4.23.GA-redhat-00002//org.jboss.as.clustering.context.ContextualExecutor$1.run(ContextualExecutor.java:70)
	... 1 more
	Suppressed: org.infinispan.commons.util.logging.TraceException
		at org.infinispan//org.infinispan.interceptors.impl.SimpleAsyncInvocationStage.get(SimpleAsyncInvocationStage.java:39)
		at org.infinispan//org.infinispan.interceptors.impl.AsyncInterceptorChainImpl.invoke(AsyncInterceptorChainImpl.java:246)
		at org.infinispan//org.infinispan.cache.impl.InvocationHelper.doInvoke(InvocationHelper.java:298)
		at org.infinispan//org.infinispan.cache.impl.InvocationHelper.invoke(InvocationHelper.java:102)
		at org.infinispan//org.infinispan.cache.impl.CacheImpl.get(CacheImpl.java:541)
		at org.infinispan//org.infinispan.cache.impl.DecoratedCache.get(DecoratedCache.java:522)
		at org.infinispan//org.infinispan.cache.impl.AbstractDelegatingCache.get(AbstractDelegatingCache.java:439)
		at org.infinispan//org.infinispan.cache.impl.EncoderCache.get(EncoderCache.java:696)
		at org.infinispan//org.infinispan.cache.impl.AbstractDelegatingCache.get(AbstractDelegatingCache.java:439)
		at org.wildfly.clustering.web.infinispan@7.4.23.GA-redhat-00002//org.wildfly.clustering.web.infinispan.session.InfinispanSessionMetaDataFactory.getValue(InfinispanSessionMetaDataFactory.java:101)
		at org.wildfly.clustering.web.infinispan@7.4.23.GA-redhat-00002//org.wildfly.clustering.web.infinispan.session.InfinispanSessionMetaDataFactory.findValue(InfinispanSessionMetaDataFactory.java:91)
		at org.wildfly.clustering.web.infinispan@7.4.23.GA-redhat-00002//org.wildfly.clustering.web.infinispan.session.InfinispanSessionMetaDataFactory.findValue(InfinispanSessionMetaDataFactory.java:54)
		at org.wildfly.clustering.web.cache@7.4.23.GA-redhat-00002//org.wildfly.clustering.web.cache.session.CompositeSessionFactory.findValue(CompositeSessionFactory.java:63)
		at org.wildfly.clustering.web.cache@7.4.23.GA-redhat-00002//org.wildfly.clustering.web.cache.session.CompositeSessionFactory.findValue(CompositeSessionFactory.java:40)
		at org.wildfly.clustering.web.infinispan@7.4.23.GA-redhat-00002//org.wildfly.clustering.web.infinispan.session.InfinispanSessionManager.findSession(InfinispanSessionManager.java:161)
		at org.wildfly.clustering.web.cache@7.4.23.GA-redhat-00002//org.wildfly.clustering.web.cache.session.ConcurrentSessionManager$2.apply(ConcurrentSessionManager.java:66)
		at org.wildfly.clustering.web.cache@7.4.23.GA-redhat-00002//org.wildfly.clustering.web.cache.session.ConcurrentSessionManager$2.apply(ConcurrentSessionManager.java:63)
		at org.wildfly.clustering.ee.cache@7.4.23.GA-redhat-00002//org.wildfly.clustering.ee.cache.SimpleManager.apply(SimpleManager.java:52)
		at org.wildfly.clustering.web.cache@7.4.23.GA-redhat-00002//org.wildfly.clustering.web.cache.session.ConcurrentSessionManager.findSession(ConcurrentSessionManager.java:71)
		at org.wildfly.clustering.web.undertow@7.4.23.GA-redhat-00002//org.wildfly.clustering.web.undertow.session.DistributableSessionManager.getSession(DistributableSessionManager.java:228)
		at io.undertow.servlet@2.2.37.SP2-redhat-00001//io.undertow.servlet.spec.ServletContextImpl.getSession(ServletContextImpl.java:910)
		at io.undertow.servlet@2.2.37.SP2-redhat-00001//io.undertow.servlet.spec.ServletContextImpl.getSession(ServletContextImpl.java:1010)
		at io.undertow.servlet@2.2.37.SP2-redhat-00001//io.undertow.servlet.handlers.security.CachedAuthenticatedSessionHandler.handleRequest(CachedAuthenticatedSessionHandler.java:69)
		at io.undertow.core@2.2.37.SP2-redhat-00001//io.undertow.security.handlers.NotificationReceiverHandler.handleRequest(NotificationReceiverHandler.java:50)
		at io.undertow.core@2.2.37.SP2-redhat-00001//io.undertow.security.handlers.AbstractSecurityContextAssociationHandler.handleRequest(AbstractSecurityContextAssociationHandler.java:43)
		at io.undertow.core@2.2.37.SP2-redhat-00001//io.undertow.server.handlers.PredicateHandler.handleRequest(PredicateHandler.java:43)
		at org.wildfly.extension.undertow@7.4.23.GA-redhat-00002//org.wildfly.extension.undertow.security.jacc.JACCContextIdHandler.handleRequest(JACCContextIdHandler.java:61)
		at io.undertow.core@2.2.37.SP2-redhat-00001//io.undertow.server.handlers.PredicateHandler.handleRequest(PredicateHandler.java:43)
		at org.wildfly.extension.undertow@7.4.23.GA-redhat-00002//org.wildfly.extension.undertow.deployment.GlobalRequestControllerHandler.handleRequest(GlobalRequestControllerHandler.java:68)
		at io.undertow.servlet@2.2.37.SP2-redhat-00001//io.undertow.servlet.handlers.SendErrorPageHandler.handleRequest(SendErrorPageHandler.java:52)
		at io.undertow.core@2.2.37.SP2-redhat-00001//io.undertow.server.handlers.PredicateHandler.handleRequest(PredicateHandler.java:43)
		at io.undertow.servlet@2.2.37.SP2-redhat-00001//io.undertow.servlet.handlers.ServletInitialHandler.handleFirstRequest(ServletInitialHandler.java:275)
		at io.undertow.servlet@2.2.37.SP2-redhat-00001//io.undertow.servlet.handlers.ServletInitialHandler.access$100(ServletInitialHandler.java:79)
		at io.undertow.servlet@2.2.37.SP2-redhat-00001//io.undertow.servlet.handlers.ServletInitialHandler$2.call(ServletInitialHandler.java:134)
		at io.undertow.servlet@2.2.37.SP2-redhat-00001//io.undertow.servlet.handlers.ServletInitialHandler$2.call(ServletInitialHandler.java:131)
		at io.undertow.servlet@2.2.37.SP2-redhat-00001//io.undertow.servlet.core.ServletRequestContextThreadSetupAction$1.call(ServletRequestContextThreadSetupAction.java:48)
		at io.undertow.servlet@2.2.37.SP2-redhat-00001//io.undertow.servlet.core.ContextClassLoaderSetupAction$1.call(ContextClassLoaderSetupAction.java:43)
		at org.wildfly.extension.undertow@7.4.23.GA-redhat-00002//org.wildfly.extension.undertow.security.SecurityContextThreadSetupAction.lambda$create$0(SecurityContextThreadSetupAction.java:105)
		at org.wildfly.extension.undertow@7.4.23.GA-redhat-00002//org.wildfly.extension.undertow.deployment.UndertowDeploymentInfoService$UndertowThreadSetupAction.lambda$create$0(UndertowDeploymentInfoService.java:1555)
		at org.wildfly.extension.undertow@7.4.23.GA-redhat-00002//org.wildfly.extension.undertow.deployment.UndertowDeploymentInfoService$UndertowThreadSetupAction.lambda$create$0(UndertowDeploymentInfoService.java:1555)
		at org.wildfly.extension.undertow@7.4.23.GA-redhat-00002//org.wildfly.extension.undertow.deployment.UndertowDeploymentInfoService$UndertowThreadSetupAction.lambda$create$0(UndertowDeploymentInfoService.java:1555)
		at org.wildfly.extension.undertow@7.4.23.GA-redhat-00002//org.wildfly.extension.undertow.deployment.UndertowDeploymentInfoService$UndertowThreadSetupAction.lambda$create$0(UndertowDeploymentInfoService.java:1555)
		at io.undertow.servlet@2.2.37.SP2-redhat-00001//io.undertow.servlet.handlers.ServletInitialHandler.dispatchRequest(ServletInitialHandler.java:255)
		at io.undertow.servlet@2.2.37.SP2-redhat-00001//io.undertow.servlet.handlers.ServletInitialHandler.access$000(ServletInitialHandler.java:79)
		at io.undertow.servlet@2.2.37.SP2-redhat-00001//io.undertow.servlet.handlers.ServletInitialHandler$1.handleRequest(ServletInitialHandler.java:100)
		at io.undertow.core@2.2.37.SP2-redhat-00001//io.undertow.server.Connectors.executeRootHandler(Connectors.java:395)
		at io.undertow.core@2.2.37.SP2-redhat-00001//io.undertow.server.HttpServerExchange$1.run(HttpServerExchange.java:889)
		at org.jboss.threads@2.4.0.Final-redhat-00001//org.jboss.threads.ContextClassLoaderSavingRunnable.run(ContextClassLoaderSavingRunnable.java:35)
		at org.jboss.threads@2.4.0.Final-redhat-00001//org.jboss.threads.EnhancedQueueExecutor.safeRun(EnhancedQueueExecutor.java:1990)
		at org.jboss.threads@2.4.0.Final-redhat-00001//org.jboss.threads.EnhancedQueueExecutor$ThreadBody.doRunTask(EnhancedQueueExecutor.java:1486)
		at org.jboss.threads@2.4.0.Final-redhat-00001//org.jboss.threads.EnhancedQueueExecutor$ThreadBody.run(EnhancedQueueExecutor.java:1348)
		at org.jboss.xnio@3.8.16.Final-redhat-00001//org.xnio.XnioWorker$WorkerThreadFactory$1$1.run(XnioWorker.java:1282)
		... 1 more

[0m[31m17:41:47,377 ERROR [io.undertow.request] (default task-9) UT005023: Exception handling request to /reproducer/session: org.infinispan.util.concurrent.TimeoutException: ISPN000299: Unable to acquire lock after 15 seconds for key SessionCreationMetaDataKey(U_HgIWb88N0DPWVuTyOiROZBgkvvAt-8SU-Ri-5g) and requestor GlobalTransaction{id=26, addr=node3, remote=false, xid=null, internalId=-1}. Lock is held by GlobalTransaction{id=24, addr=node3, remote=false, xid=null, internalId=-1}
	at org.infinispan//org.infinispan.interceptors.impl.AsyncInterceptorChainImpl.invoke(AsyncInterceptorChainImpl.java:255)
	at org.infinispan//org.infinispan.cache.impl.InvocationHelper.doInvoke(InvocationHelper.java:298)
	at org.infinispan//org.infinispan.cache.impl.InvocationHelper.invoke(InvocationHelper.java:102)
	at org.infinispan//org.infinispan.cache.impl.CacheImpl.get(CacheImpl.java:541)
	at org.infinispan//org.infinispan.cache.impl.DecoratedCache.get(DecoratedCache.java:522)
	at org.infinispan//org.infinispan.cache.impl.AbstractDelegatingCache.get(AbstractDelegatingCache.java:439)
	at org.infinispan//org.infinispan.cache.impl.EncoderCache.get(EncoderCache.java:696)
	at org.infinispan//org.infinispan.cache.impl.AbstractDelegatingCache.get(AbstractDelegatingCache.java:439)
	at org.wildfly.clustering.web.infinispan@7.4.23.GA-redhat-00002//org.wildfly.clustering.web.infinispan.session.InfinispanSessionMetaDataFactory.getValue(InfinispanSessionMetaDataFactory.java:101)
	at org.wildfly.clustering.web.infinispan@7.4.23.GA-redhat-00002//org.wildfly.clustering.web.infinispan.session.InfinispanSessionMetaDataFactory.findValue(InfinispanSessionMetaDataFactory.java:91)
	at org.wildfly.clustering.web.infinispan@7.4.23.GA-redhat-00002//org.wildfly.clustering.web.infinispan.session.InfinispanSessionMetaDataFactory.findValue(InfinispanSessionMetaDataFactory.java:54)
	at org.wildfly.clustering.web.cache@7.4.23.GA-redhat-00002//org.wildfly.clustering.web.cache.session.CompositeSessionFactory.findValue(CompositeSessionFactory.java:63)
	at org.wildfly.clustering.web.cache@7.4.23.GA-redhat-00002//org.wildfly.clustering.web.cache.session.CompositeSessionFactory.findValue(CompositeSessionFactory.java:40)
	at org.wildfly.clustering.web.infinispan@7.4.23.GA-redhat-00002//org.wildfly.clustering.web.infinispan.session.InfinispanSessionManager.findSession(InfinispanSessionManager.java:161)
	at org.wildfly.clustering.web.cache@7.4.23.GA-redhat-00002//org.wildfly.clustering.web.cache.session.ConcurrentSessionManager$2.apply(ConcurrentSessionManager.java:66)
	at org.wildfly.clustering.web.cache@7.4.23.GA-redhat-00002//org.wildfly.clustering.web.cache.session.ConcurrentSessionManager$2.apply(ConcurrentSessionManager.java:63)
	at org.wildfly.clustering.ee.cache@7.4.23.GA-redhat-00002//org.wildfly.clustering.ee.cache.SimpleManager.apply(SimpleManager.java:52)
	at org.wildfly.clustering.web.cache@7.4.23.GA-redhat-00002//org.wildfly.clustering.web.cache.session.ConcurrentSessionManager.findSession(ConcurrentSessionManager.java:71)
	at org.wildfly.clustering.web.undertow@7.4.23.GA-redhat-00002//org.wildfly.clustering.web.undertow.session.DistributableSessionManager.getSession(DistributableSessionManager.java:228)
	at io.undertow.servlet@2.2.37.SP2-redhat-00001//io.undertow.servlet.spec.ServletContextImpl.getSession(ServletContextImpl.java:910)
	at io.undertow.servlet@2.2.37.SP2-redhat-00001//io.undertow.servlet.spec.ServletContextImpl.getSession(ServletContextImpl.java:1010)
	at io.undertow.servlet@2.2.37.SP2-redhat-00001//io.undertow.servlet.handlers.security.CachedAuthenticatedSessionHandler.handleRequest(CachedAuthenticatedSessionHandler.java:69)
	at io.undertow.core@2.2.37.SP2-redhat-00001//io.undertow.security.handlers.NotificationReceiverHandler.handleRequest(NotificationReceiverHandler.java:50)
	at io.undertow.core@2.2.37.SP2-redhat-00001//io.undertow.security.handlers.AbstractSecurityContextAssociationHandler.handleRequest(AbstractSecurityContextAssociationHandler.java:43)
	at io.undertow.core@2.2.37.SP2-redhat-00001//io.undertow.server.handlers.PredicateHandler.handleRequest(PredicateHandler.java:43)
	at org.wildfly.extension.undertow@7.4.23.GA-redhat-00002//org.wildfly.extension.undertow.security.jacc.JACCContextIdHandler.handleRequest(JACCContextIdHandler.java:61)
	at io.undertow.core@2.2.37.SP2-redhat-00001//io.undertow.server.handlers.PredicateHandler.handleRequest(PredicateHandler.java:43)
	at org.wildfly.extension.undertow@7.4.23.GA-redhat-00002//org.wildfly.extension.undertow.deployment.GlobalRequestControllerHandler.handleRequest(GlobalRequestControllerHandler.java:68)
	at io.undertow.servlet@2.2.37.SP2-redhat-00001//io.undertow.servlet.handlers.SendErrorPageHandler.handleRequest(SendErrorPageHandler.java:52)
	at io.undertow.core@2.2.37.SP2-redhat-00001//io.undertow.server.handlers.PredicateHandler.handleRequest(PredicateHandler.java:43)
	at io.undertow.servlet@2.2.37.SP2-redhat-00001//io.undertow.servlet.handlers.ServletInitialHandler.handleFirstRequest(ServletInitialHandler.java:275)
	at io.undertow.servlet@2.2.37.SP2-redhat-00001//io.undertow.servlet.handlers.ServletInitialHandler.access$100(ServletInitialHandler.java:79)
	at io.undertow.servlet@2.2.37.SP2-redhat-00001//io.undertow.servlet.handlers.ServletInitialHandler$2.call(ServletInitialHandler.java:134)
	at io.undertow.servlet@2.2.37.SP2-redhat-00001//io.undertow.servlet.handlers.ServletInitialHandler$2.call(ServletInitialHandler.java:131)
	at io.undertow.servlet@2.2.37.SP2-redhat-00001//io.undertow.servlet.core.ServletRequestContextThreadSetupAction$1.call(ServletRequestContextThreadSetupAction.java:48)
	at io.undertow.servlet@2.2.37.SP2-redhat-00001//io.undertow.servlet.core.ContextClassLoaderSetupAction$1.call(ContextClassLoaderSetupAction.java:43)
	at org.wildfly.extension.undertow@7.4.23.GA-redhat-00002//org.wildfly.extension.undertow.security.SecurityContextThreadSetupAction.lambda$create$0(SecurityContextThreadSetupAction.java:105)
	at org.wildfly.extension.undertow@7.4.23.GA-redhat-00002//org.wildfly.extension.undertow.deployment.UndertowDeploymentInfoService$UndertowThreadSetupAction.lambda$create$0(UndertowDeploymentInfoService.java:1555)
	at org.wildfly.extension.undertow@7.4.23.GA-redhat-00002//org.wildfly.extension.undertow.deployment.UndertowDeploymentInfoService$UndertowThreadSetupAction.lambda$create$0(UndertowDeploymentInfoService.java:1555)
	at org.wildfly.extension.undertow@7.4.23.GA-redhat-00002//org.wildfly.extension.undertow.deployment.UndertowDeploymentInfoService$UndertowThreadSetupAction.lambda$create$0(UndertowDeploymentInfoService.java:1555)
	at org.wildfly.extension.undertow@7.4.23.GA-redhat-00002//org.wildfly.extension.undertow.deployment.UndertowDeploymentInfoService$UndertowThreadSetupAction.lambda$create$0(UndertowDeploymentInfoService.java:1555)
	at io.undertow.servlet@2.2.37.SP2-redhat-00001//io.undertow.servlet.handlers.ServletInitialHandler.dispatchRequest(ServletInitialHandler.java:255)
	at io.undertow.servlet@2.2.37.SP2-redhat-00001//io.undertow.servlet.handlers.ServletInitialHandler.access$000(ServletInitialHandler.java:79)
	at io.undertow.servlet@2.2.37.SP2-redhat-00001//io.undertow.servlet.handlers.ServletInitialHandler$1.handleRequest(ServletInitialHandler.java:100)
	at io.undertow.core@2.2.37.SP2-redhat-00001//io.undertow.server.Connectors.executeRootHandler(Connectors.java:395)
	at io.undertow.core@2.2.37.SP2-redhat-00001//io.undertow.server.HttpServerExchange$1.run(HttpServerExchange.java:889)
	at org.jboss.threads@2.4.0.Final-redhat-00001//org.jboss.threads.ContextClassLoaderSavingRunnable.run(ContextClassLoaderSavingRunnable.java:35)
	at org.jboss.threads@2.4.0.Final-redhat-00001//org.jboss.threads.EnhancedQueueExecutor.safeRun(EnhancedQueueExecutor.java:1990)
	at org.jboss.threads@2.4.0.Final-redhat-00001//org.jboss.threads.EnhancedQueueExecutor$ThreadBody.doRunTask(EnhancedQueueExecutor.java:1486)
	at org.jboss.threads@2.4.0.Final-redhat-00001//org.jboss.threads.EnhancedQueueExecutor$ThreadBody.run(EnhancedQueueExecutor.java:1348)
	at org.jboss.xnio@3.8.16.Final-redhat-00001//org.xnio.XnioWorker$WorkerThreadFactory$1$1.run(XnioWorker.java:1282)
	at java.base/java.lang.Thread.run(Thread.java:829)
Caused by: org.infinispan.util.concurrent.TimeoutException: ISPN000299: Unable to acquire lock after 15 seconds for key SessionCreationMetaDataKey(U_HgIWb88N0DPWVuTyOiROZBgkvvAt-8SU-Ri-5g) and requestor GlobalTransaction{id=26, addr=node3, remote=false, xid=null, internalId=-1}. Lock is held by GlobalTransaction{id=24, addr=node3, remote=false, xid=null, internalId=-1}
	at org.infinispan//org.infinispan.util.concurrent.locks.impl.DefaultLockManager$KeyAwareExtendedLockPromise.get(DefaultLockManager.java:292)
	at org.infinispan//org.infinispan.util.concurrent.locks.impl.DefaultLockManager$KeyAwareExtendedLockPromise.get(DefaultLockManager.java:222)
	at org.infinispan//org.infinispan.util.concurrent.locks.impl.InfinispanLock$LockPlaceHolder.checkState(InfinispanLock.java:440)
	at org.infinispan//org.infinispan.util.concurrent.locks.impl.InfinispanLock$LockPlaceHolder.lambda$toInvocationStage$3(InfinispanLock.java:416)
	at java.base/java.util.concurrent.CompletableFuture$UniApply.tryFire(CompletableFuture.java:642)
	at java.base/java.util.concurrent.CompletableFuture$Completion.run(CompletableFuture.java:478)
	at java.base/java.util.concurrent.ThreadPoolExecutor.runWorker(ThreadPoolExecutor.java:1128)
	at java.base/java.util.concurrent.ThreadPoolExecutor$Worker.run(ThreadPoolExecutor.java:628)
	at org.jboss.as.clustering.common@7.4.23.GA-redhat-00002//org.jboss.as.clustering.context.ContextReferenceExecutor.execute(ContextReferenceExecutor.java:49)
	at org.jboss.as.clustering.common@7.4.23.GA-redhat-00002//org.jboss.as.clustering.context.ContextualExecutor$1.run(ContextualExecutor.java:70)
	... 1 more
	Suppressed: org.infinispan.commons.util.logging.TraceException
		at org.infinispan//org.infinispan.interceptors.impl.SimpleAsyncInvocationStage.get(SimpleAsyncInvocationStage.java:39)
		at org.infinispan//org.infinispan.interceptors.impl.AsyncInterceptorChainImpl.invoke(AsyncInterceptorChainImpl.java:246)
		at org.infinispan//org.infinispan.cache.impl.InvocationHelper.doInvoke(InvocationHelper.java:298)
		at org.infinispan//org.infinispan.cache.impl.InvocationHelper.invoke(InvocationHelper.java:102)
		at org.infinispan//org.infinispan.cache.impl.CacheImpl.get(CacheImpl.java:541)
		at org.infinispan//org.infinispan.cache.impl.DecoratedCache.get(DecoratedCache.java:522)
		at org.infinispan//org.infinispan.cache.impl.AbstractDelegatingCache.get(AbstractDelegatingCache.java:439)
		at org.infinispan//org.infinispan.cache.impl.EncoderCache.get(EncoderCache.java:696)
		at org.infinispan//org.infinispan.cache.impl.AbstractDelegatingCache.get(AbstractDelegatingCache.java:439)
		at org.wildfly.clustering.web.infinispan@7.4.23.GA-redhat-00002//org.wildfly.clustering.web.infinispan.session.InfinispanSessionMetaDataFactory.getValue(InfinispanSessionMetaDataFactory.java:101)
		at org.wildfly.clustering.web.infinispan@7.4.23.GA-redhat-00002//org.wildfly.clustering.web.infinispan.session.InfinispanSessionMetaDataFactory.findValue(InfinispanSessionMetaDataFactory.java:91)
		at org.wildfly.clustering.web.infinispan@7.4.23.GA-redhat-00002//org.wildfly.clustering.web.infinispan.session.InfinispanSessionMetaDataFactory.findValue(InfinispanSessionMetaDataFactory.java:54)
		at org.wildfly.clustering.web.cache@7.4.23.GA-redhat-00002//org.wildfly.clustering.web.cache.session.CompositeSessionFactory.findValue(CompositeSessionFactory.java:63)
		at org.wildfly.clustering.web.cache@7.4.23.GA-redhat-00002//org.wildfly.clustering.web.cache.session.CompositeSessionFactory.findValue(CompositeSessionFactory.java:40)
		at org.wildfly.clustering.web.infinispan@7.4.23.GA-redhat-00002//org.wildfly.clustering.web.infinispan.session.InfinispanSessionManager.findSession(InfinispanSessionManager.java:161)
		at org.wildfly.clustering.web.cache@7.4.23.GA-redhat-00002//org.wildfly.clustering.web.cache.session.ConcurrentSessionManager$2.apply(ConcurrentSessionManager.java:66)
		at org.wildfly.clustering.web.cache@7.4.23.GA-redhat-00002//org.wildfly.clustering.web.cache.session.ConcurrentSessionManager$2.apply(ConcurrentSessionManager.java:63)
		at org.wildfly.clustering.ee.cache@7.4.23.GA-redhat-00002//org.wildfly.clustering.ee.cache.SimpleManager.apply(SimpleManager.java:52)
		at org.wildfly.clustering.web.cache@7.4.23.GA-redhat-00002//org.wildfly.clustering.web.cache.session.ConcurrentSessionManager.findSession(ConcurrentSessionManager.java:71)
		at org.wildfly.clustering.web.undertow@7.4.23.GA-redhat-00002//org.wildfly.clustering.web.undertow.session.DistributableSessionManager.getSession(DistributableSessionManager.java:228)
		at io.undertow.servlet@2.2.37.SP2-redhat-00001//io.undertow.servlet.spec.ServletContextImpl.getSession(ServletContextImpl.java:910)
		at io.undertow.servlet@2.2.37.SP2-redhat-00001//io.undertow.servlet.spec.ServletContextImpl.getSession(ServletContextImpl.java:1010)
		at io.undertow.servlet@2.2.37.SP2-redhat-00001//io.undertow.servlet.handlers.security.CachedAuthenticatedSessionHandler.handleRequest(CachedAuthenticatedSessionHandler.java:69)
		at io.undertow.core@2.2.37.SP2-redhat-00001//io.undertow.security.handlers.NotificationReceiverHandler.handleRequest(NotificationReceiverHandler.java:50)
		at io.undertow.core@2.2.37.SP2-redhat-00001//io.undertow.security.handlers.AbstractSecurityContextAssociationHandler.handleRequest(AbstractSecurityContextAssociationHandler.java:43)
		at io.undertow.core@2.2.37.SP2-redhat-00001//io.undertow.server.handlers.PredicateHandler.handleRequest(PredicateHandler.java:43)
		at org.wildfly.extension.undertow@7.4.23.GA-redhat-00002//org.wildfly.extension.undertow.security.jacc.JACCContextIdHandler.handleRequest(JACCContextIdHandler.java:61)
		at io.undertow.core@2.2.37.SP2-redhat-00001//io.undertow.server.handlers.PredicateHandler.handleRequest(PredicateHandler.java:43)
		at org.wildfly.extension.undertow@7.4.23.GA-redhat-00002//org.wildfly.extension.undertow.deployment.GlobalRequestControllerHandler.handleRequest(GlobalRequestControllerHandler.java:68)
		at io.undertow.servlet@2.2.37.SP2-redhat-00001//io.undertow.servlet.handlers.SendErrorPageHandler.handleRequest(SendErrorPageHandler.java:52)
		at io.undertow.core@2.2.37.SP2-redhat-00001//io.undertow.server.handlers.PredicateHandler.handleRequest(PredicateHandler.java:43)
		at io.undertow.servlet@2.2.37.SP2-redhat-00001//io.undertow.servlet.handlers.ServletInitialHandler.handleFirstRequest(ServletInitialHandler.java:275)
		at io.undertow.servlet@2.2.37.SP2-redhat-00001//io.undertow.servlet.handlers.ServletInitialHandler.access$100(ServletInitialHandler.java:79)
		at io.undertow.servlet@2.2.37.SP2-redhat-00001//io.undertow.servlet.handlers.ServletInitialHandler$2.call(ServletInitialHandler.java:134)
		at io.undertow.servlet@2.2.37.SP2-redhat-00001//io.undertow.servlet.handlers.ServletInitialHandler$2.call(ServletInitialHandler.java:131)
		at io.undertow.servlet@2.2.37.SP2-redhat-00001//io.undertow.servlet.core.ServletRequestContextThreadSetupAction$1.call(ServletRequestContextThreadSetupAction.java:48)
		at io.undertow.servlet@2.2.37.SP2-redhat-00001//io.undertow.servlet.core.ContextClassLoaderSetupAction$1.call(ContextClassLoaderSetupAction.java:43)
		at org.wildfly.extension.undertow@7.4.23.GA-redhat-00002//org.wildfly.extension.undertow.security.SecurityContextThreadSetupAction.lambda$create$0(SecurityContextThreadSetupAction.java:105)
		at org.wildfly.extension.undertow@7.4.23.GA-redhat-00002//org.wildfly.extension.undertow.deployment.UndertowDeploymentInfoService$UndertowThreadSetupAction.lambda$create$0(UndertowDeploymentInfoService.java:1555)
		at org.wildfly.extension.undertow@7.4.23.GA-redhat-00002//org.wildfly.extension.undertow.deployment.UndertowDeploymentInfoService$UndertowThreadSetupAction.lambda$create$0(UndertowDeploymentInfoService.java:1555)
		at org.wildfly.extension.undertow@7.4.23.GA-redhat-00002//org.wildfly.extension.undertow.deployment.UndertowDeploymentInfoService$UndertowThreadSetupAction.lambda$create$0(UndertowDeploymentInfoService.java:1555)
		at org.wildfly.extension.undertow@7.4.23.GA-redhat-00002//org.wildfly.extension.undertow.deployment.UndertowDeploymentInfoService$UndertowThreadSetupAction.lambda$create$0(UndertowDeploymentInfoService.java:1555)
		at io.undertow.servlet@2.2.37.SP2-redhat-00001//io.undertow.servlet.handlers.ServletInitialHandler.dispatchRequest(ServletInitialHandler.java:255)
		at io.undertow.servlet@2.2.37.SP2-redhat-00001//io.undertow.servlet.handlers.ServletInitialHandler.access$000(ServletInitialHandler.java:79)
		at io.undertow.servlet@2.2.37.SP2-redhat-00001//io.undertow.servlet.handlers.ServletInitialHandler$1.handleRequest(ServletInitialHandler.java:100)
		at io.undertow.core@2.2.37.SP2-redhat-00001//io.undertow.server.Connectors.executeRootHandler(Connectors.java:395)
		at io.undertow.core@2.2.37.SP2-redhat-00001//io.undertow.server.HttpServerExchange$1.run(HttpServerExchange.java:889)
		at org.jboss.threads@2.4.0.Final-redhat-00001//org.jboss.threads.ContextClassLoaderSavingRunnable.run(ContextClassLoaderSavingRunnable.java:35)
		at org.jboss.threads@2.4.0.Final-redhat-00001//org.jboss.threads.EnhancedQueueExecutor.safeRun(EnhancedQueueExecutor.java:1990)
		at org.jboss.threads@2.4.0.Final-redhat-00001//org.jboss.threads.EnhancedQueueExecutor$ThreadBody.doRunTask(EnhancedQueueExecutor.java:1486)
		at org.jboss.threads@2.4.0.Final-redhat-00001//org.jboss.threads.EnhancedQueueExecutor$ThreadBody.run(EnhancedQueueExecutor.java:1348)
		at org.jboss.xnio@3.8.16.Final-redhat-00001//org.xnio.XnioWorker$WorkerThreadFactory$1$1.run(XnioWorker.java:1282)
		... 1 more

[0m[31m17:41:47,382 ERROR [io.undertow.request] (default task-15) UT005023: Exception handling request to /reproducer/session: org.infinispan.util.concurrent.TimeoutException: ISPN000299: Unable to acquire lock after 15 seconds for key SessionCreationMetaDataKey(U_HgIWb88N0DPWVuTyOiROZBgkvvAt-8SU-Ri-5g) and requestor GlobalTransaction{id=30, addr=node3, remote=false, xid=null, internalId=-1}. Lock is held by GlobalTransaction{id=24, addr=node3, remote=false, xid=null, internalId=-1}
	at org.infinispan//org.infinispan.interceptors.impl.AsyncInterceptorChainImpl.invoke(AsyncInterceptorChainImpl.java:255)
	at org.infinispan//org.infinispan.cache.impl.InvocationHelper.doInvoke(InvocationHelper.java:298)
	at org.infinispan//org.infinispan.cache.impl.InvocationHelper.invoke(InvocationHelper.java:102)
	at org.infinispan//org.infinispan.cache.impl.CacheImpl.get(CacheImpl.java:541)
	at org.infinispan//org.infinispan.cache.impl.DecoratedCache.get(DecoratedCache.java:522)
	at org.infinispan//org.infinispan.cache.impl.AbstractDelegatingCache.get(AbstractDelegatingCache.java:439)
	at org.infinispan//org.infinispan.cache.impl.EncoderCache.get(EncoderCache.java:696)
	at org.infinispan//org.infinispan.cache.impl.AbstractDelegatingCache.get(AbstractDelegatingCache.java:439)
	at org.wildfly.clustering.web.infinispan@7.4.23.GA-redhat-00002//org.wildfly.clustering.web.infinispan.session.InfinispanSessionMetaDataFactory.getValue(InfinispanSessionMetaDataFactory.java:101)
	at org.wildfly.clustering.web.infinispan@7.4.23.GA-redhat-00002//org.wildfly.clustering.web.infinispan.session.InfinispanSessionMetaDataFactory.findValue(InfinispanSessionMetaDataFactory.java:91)
	at org.wildfly.clustering.web.infinispan@7.4.23.GA-redhat-00002//org.wildfly.clustering.web.infinispan.session.InfinispanSessionMetaDataFactory.findValue(InfinispanSessionMetaDataFactory.java:54)
	at org.wildfly.clustering.web.cache@7.4.23.GA-redhat-00002//org.wildfly.clustering.web.cache.session.CompositeSessionFactory.findValue(CompositeSessionFactory.java:63)
	at org.wildfly.clustering.web.cache@7.4.23.GA-redhat-00002//org.wildfly.clustering.web.cache.session.CompositeSessionFactory.findValue(CompositeSessionFactory.java:40)
	at org.wildfly.clustering.web.infinispan@7.4.23.GA-redhat-00002//org.wildfly.clustering.web.infinispan.session.InfinispanSessionManager.findSession(InfinispanSessionManager.java:161)
	at org.wildfly.clustering.web.cache@7.4.23.GA-redhat-00002//org.wildfly.clustering.web.cache.session.ConcurrentSessionManager$2.apply(ConcurrentSessionManager.java:66)
	at org.wildfly.clustering.web.cache@7.4.23.GA-redhat-00002//org.wildfly.clustering.web.cache.session.ConcurrentSessionManager$2.apply(ConcurrentSessionManager.java:63)
	at org.wildfly.clustering.ee.cache@7.4.23.GA-redhat-00002//org.wildfly.clustering.ee.cache.SimpleManager.apply(SimpleManager.java:52)
	at org.wildfly.clustering.web.cache@7.4.23.GA-redhat-00002//org.wildfly.clustering.web.cache.session.ConcurrentSessionManager.findSession(ConcurrentSessionManager.java:71)
	at org.wildfly.clustering.web.undertow@7.4.23.GA-redhat-00002//org.wildfly.clustering.web.undertow.session.DistributableSessionManager.getSession(DistributableSessionManager.java:228)
	at io.undertow.servlet@2.2.37.SP2-redhat-00001//io.undertow.servlet.spec.ServletContextImpl.getSession(ServletContextImpl.java:910)
	at io.undertow.servlet@2.2.37.SP2-redhat-00001//io.undertow.servlet.spec.ServletContextImpl.getSession(ServletContextImpl.java:1010)
	at io.undertow.servlet@2.2.37.SP2-redhat-00001//io.undertow.servlet.handlers.security.CachedAuthenticatedSessionHandler.handleRequest(CachedAuthenticatedSessionHandler.java:69)
	at io.undertow.core@2.2.37.SP2-redhat-00001//io.undertow.security.handlers.NotificationReceiverHandler.handleRequest(NotificationReceiverHandler.java:50)
	at io.undertow.core@2.2.37.SP2-redhat-00001//io.undertow.security.handlers.AbstractSecurityContextAssociationHandler.handleRequest(AbstractSecurityContextAssociationHandler.java:43)
	at io.undertow.core@2.2.37.SP2-redhat-00001//io.undertow.server.handlers.PredicateHandler.handleRequest(PredicateHandler.java:43)
	at org.wildfly.extension.undertow@7.4.23.GA-redhat-00002//org.wildfly.extension.undertow.security.jacc.JACCContextIdHandler.handleRequest(JACCContextIdHandler.java:61)
	at io.undertow.core@2.2.37.SP2-redhat-00001//io.undertow.server.handlers.PredicateHandler.handleRequest(PredicateHandler.java:43)
	at org.wildfly.extension.undertow@7.4.23.GA-redhat-00002//org.wildfly.extension.undertow.deployment.GlobalRequestControllerHandler.handleRequest(GlobalRequestControllerHandler.java:68)
	at io.undertow.servlet@2.2.37.SP2-redhat-00001//io.undertow.servlet.handlers.SendErrorPageHandler.handleRequest(SendErrorPageHandler.java:52)
	at io.undertow.core@2.2.37.SP2-redhat-00001//io.undertow.server.handlers.PredicateHandler.handleRequest(PredicateHandler.java:43)
	at io.undertow.servlet@2.2.37.SP2-redhat-00001//io.undertow.servlet.handlers.ServletInitialHandler.handleFirstRequest(ServletInitialHandler.java:275)
	at io.undertow.servlet@2.2.37.SP2-redhat-00001//io.undertow.servlet.handlers.ServletInitialHandler.access$100(ServletInitialHandler.java:79)
	at io.undertow.servlet@2.2.37.SP2-redhat-00001//io.undertow.servlet.handlers.ServletInitialHandler$2.call(ServletInitialHandler.java:134)
	at io.undertow.servlet@2.2.37.SP2-redhat-00001//io.undertow.servlet.handlers.ServletInitialHandler$2.call(ServletInitialHandler.java:131)
	at io.undertow.servlet@2.2.37.SP2-redhat-00001//io.undertow.servlet.core.ServletRequestContextThreadSetupAction$1.call(ServletRequestContextThreadSetupAction.java:48)
	at io.undertow.servlet@2.2.37.SP2-redhat-00001//io.undertow.servlet.core.ContextClassLoaderSetupAction$1.call(ContextClassLoaderSetupAction.java:43)
	at org.wildfly.extension.undertow@7.4.23.GA-redhat-00002//org.wildfly.extension.undertow.security.SecurityContextThreadSetupAction.lambda$create$0(SecurityContextThreadSetupAction.java:105)
	at org.wildfly.extension.undertow@7.4.23.GA-redhat-00002//org.wildfly.extension.undertow.deployment.UndertowDeploymentInfoService$UndertowThreadSetupAction.lambda$create$0(UndertowDeploymentInfoService.java:1555)
	at org.wildfly.extension.undertow@7.4.23.GA-redhat-00002//org.wildfly.extension.undertow.deployment.UndertowDeploymentInfoService$UndertowThreadSetupAction.lambda$create$0(UndertowDeploymentInfoService.java:1555)
	at org.wildfly.extension.undertow@7.4.23.GA-redhat-00002//org.wildfly.extension.undertow.deployment.UndertowDeploymentInfoService$UndertowThreadSetupAction.lambda$create$0(UndertowDeploymentInfoService.java:1555)
	at org.wildfly.extension.undertow@7.4.23.GA-redhat-00002//org.wildfly.extension.undertow.deployment.UndertowDeploymentInfoService$UndertowThreadSetupAction.lambda$create$0(UndertowDeploymentInfoService.java:1555)
	at io.undertow.servlet@2.2.37.SP2-redhat-00001//io.undertow.servlet.handlers.ServletInitialHandler.dispatchRequest(ServletInitialHandler.java:255)
	at io.undertow.servlet@2.2.37.SP2-redhat-00001//io.undertow.servlet.handlers.ServletInitialHandler.access$000(ServletInitialHandler.java:79)
	at io.undertow.servlet@2.2.37.SP2-redhat-00001//io.undertow.servlet.handlers.ServletInitialHandler$1.handleRequest(ServletInitialHandler.java:100)
	at io.undertow.core@2.2.37.SP2-redhat-00001//io.undertow.server.Connectors.executeRootHandler(Connectors.java:395)
	at io.undertow.core@2.2.37.SP2-redhat-00001//io.undertow.server.HttpServerExchange$1.run(HttpServerExchange.java:889)
	at org.jboss.threads@2.4.0.Final-redhat-00001//org.jboss.threads.ContextClassLoaderSavingRunnable.run(ContextClassLoaderSavingRunnable.java:35)
	at org.jboss.threads@2.4.0.Final-redhat-00001//org.jboss.threads.EnhancedQueueExecutor.safeRun(EnhancedQueueExecutor.java:1990)
	at org.jboss.threads@2.4.0.Final-redhat-00001//org.jboss.threads.EnhancedQueueExecutor$ThreadBody.doRunTask(EnhancedQueueExecutor.java:1486)
	at org.jboss.threads@2.4.0.Final-redhat-00001//org.jboss.threads.EnhancedQueueExecutor$ThreadBody.run(EnhancedQueueExecutor.java:1348)
	at org.jboss.xnio@3.8.16.Final-redhat-00001//org.xnio.XnioWorker$WorkerThreadFactory$1$1.run(XnioWorker.java:1282)
	at java.base/java.lang.Thread.run(Thread.java:829)
Caused by: org.infinispan.util.concurrent.TimeoutException: ISPN000299: Unable to acquire lock after 15 seconds for key SessionCreationMetaDataKey(U_HgIWb88N0DPWVuTyOiROZBgkvvAt-8SU-Ri-5g) and requestor GlobalTransaction{id=30, addr=node3, remote=false, xid=null, internalId=-1}. Lock is held by GlobalTransaction{id=24, addr=node3, remote=false, xid=null, internalId=-1}
	at org.infinispan//org.infinispan.util.concurrent.locks.impl.DefaultLockManager$KeyAwareExtendedLockPromise.get(DefaultLockManager.java:292)
	at org.infinispan//org.infinispan.util.concurrent.locks.impl.DefaultLockManager$KeyAwareExtendedLockPromise.get(DefaultLockManager.java:222)
	at org.infinispan//org.infinispan.util.concurrent.locks.impl.InfinispanLock$LockPlaceHolder.checkState(InfinispanLock.java:440)
	at org.infinispan//org.infinispan.util.concurrent.locks.impl.InfinispanLock$LockPlaceHolder.lambda$toInvocationStage$3(InfinispanLock.java:416)
	at java.base/java.util.concurrent.CompletableFuture$UniApply.tryFire(CompletableFuture.java:642)
	at java.base/java.util.concurrent.CompletableFuture$Completion.run(CompletableFuture.java:478)
	at java.base/java.util.concurrent.ThreadPoolExecutor.runWorker(ThreadPoolExecutor.java:1128)
	at java.base/java.util.concurrent.ThreadPoolExecutor$Worker.run(ThreadPoolExecutor.java:628)
	at org.jboss.as.clustering.common@7.4.23.GA-redhat-00002//org.jboss.as.clustering.context.ContextReferenceExecutor.execute(ContextReferenceExecutor.java:49)
	at org.jboss.as.clustering.common@7.4.23.GA-redhat-00002//org.jboss.as.clustering.context.ContextualExecutor$1.run(ContextualExecutor.java:70)
	... 1 more
	Suppressed: org.infinispan.commons.util.logging.TraceException
		at org.infinispan//org.infinispan.interceptors.impl.SimpleAsyncInvocationStage.get(SimpleAsyncInvocationStage.java:39)
		at org.infinispan//org.infinispan.interceptors.impl.AsyncInterceptorChainImpl.invoke(AsyncInterceptorChainImpl.java:246)
		at org.infinispan//org.infinispan.cache.impl.InvocationHelper.doInvoke(InvocationHelper.java:298)
		at org.infinispan//org.infinispan.cache.impl.InvocationHelper.invoke(InvocationHelper.java:102)
		at org.infinispan//org.infinispan.cache.impl.CacheImpl.get(CacheImpl.java:541)
		at org.infinispan//org.infinispan.cache.impl.DecoratedCache.get(DecoratedCache.java:522)
		at org.infinispan//org.infinispan.cache.impl.AbstractDelegatingCache.get(AbstractDelegatingCache.java:439)
		at org.infinispan//org.infinispan.cache.impl.EncoderCache.get(EncoderCache.java:696)
		at org.infinispan//org.infinispan.cache.impl.AbstractDelegatingCache.get(AbstractDelegatingCache.java:439)
		at org.wildfly.clustering.web.infinispan@7.4.23.GA-redhat-00002//org.wildfly.clustering.web.infinispan.session.InfinispanSessionMetaDataFactory.getValue(InfinispanSessionMetaDataFactory.java:101)
		at org.wildfly.clustering.web.infinispan@7.4.23.GA-redhat-00002//org.wildfly.clustering.web.infinispan.session.InfinispanSessionMetaDataFactory.findValue(InfinispanSessionMetaDataFactory.java:91)
		at org.wildfly.clustering.web.infinispan@7.4.23.GA-redhat-00002//org.wildfly.clustering.web.infinispan.session.InfinispanSessionMetaDataFactory.findValue(InfinispanSessionMetaDataFactory.java:54)
		at org.wildfly.clustering.web.cache@7.4.23.GA-redhat-00002//org.wildfly.clustering.web.cache.session.CompositeSessionFactory.findValue(CompositeSessionFactory.java:63)
		at org.wildfly.clustering.web.cache@7.4.23.GA-redhat-00002//org.wildfly.clustering.web.cache.session.CompositeSessionFactory.findValue(CompositeSessionFactory.java:40)
		at org.wildfly.clustering.web.infinispan@7.4.23.GA-redhat-00002//org.wildfly.clustering.web.infinispan.session.InfinispanSessionManager.findSession(InfinispanSessionManager.java:161)
		at org.wildfly.clustering.web.cache@7.4.23.GA-redhat-00002//org.wildfly.clustering.web.cache.session.ConcurrentSessionManager$2.apply(ConcurrentSessionManager.java:66)
		at org.wildfly.clustering.web.cache@7.4.23.GA-redhat-00002//org.wildfly.clustering.web.cache.session.ConcurrentSessionManager$2.apply(ConcurrentSessionManager.java:63)
		at org.wildfly.clustering.ee.cache@7.4.23.GA-redhat-00002//org.wildfly.clustering.ee.cache.SimpleManager.apply(SimpleManager.java:52)
		at org.wildfly.clustering.web.cache@7.4.23.GA-redhat-00002//org.wildfly.clustering.web.cache.session.ConcurrentSessionManager.findSession(ConcurrentSessionManager.java:71)
		at org.wildfly.clustering.web.undertow@7.4.23.GA-redhat-00002//org.wildfly.clustering.web.undertow.session.DistributableSessionManager.getSession(DistributableSessionManager.java:228)
		at io.undertow.servlet@2.2.37.SP2-redhat-00001//io.undertow.servlet.spec.ServletContextImpl.getSession(ServletContextImpl.java:910)
		at io.undertow.servlet@2.2.37.SP2-redhat-00001//io.undertow.servlet.spec.ServletContextImpl.getSession(ServletContextImpl.java:1010)
		at io.undertow.servlet@2.2.37.SP2-redhat-00001//io.undertow.servlet.handlers.security.CachedAuthenticatedSessionHandler.handleRequest(CachedAuthenticatedSessionHandler.java:69)
		at io.undertow.core@2.2.37.SP2-redhat-00001//io.undertow.security.handlers.NotificationReceiverHandler.handleRequest(NotificationReceiverHandler.java:50)
		at io.undertow.core@2.2.37.SP2-redhat-00001//io.undertow.security.handlers.AbstractSecurityContextAssociationHandler.handleRequest(AbstractSecurityContextAssociationHandler.java:43)
		at io.undertow.core@2.2.37.SP2-redhat-00001//io.undertow.server.handlers.PredicateHandler.handleRequest(PredicateHandler.java:43)
		at org.wildfly.extension.undertow@7.4.23.GA-redhat-00002//org.wildfly.extension.undertow.security.jacc.JACCContextIdHandler.handleRequest(JACCContextIdHandler.java:61)
		at io.undertow.core@2.2.37.SP2-redhat-00001//io.undertow.server.handlers.PredicateHandler.handleRequest(PredicateHandler.java:43)
		at org.wildfly.extension.undertow@7.4.23.GA-redhat-00002//org.wildfly.extension.undertow.deployment.GlobalRequestControllerHandler.handleRequest(GlobalRequestControllerHandler.java:68)
		at io.undertow.servlet@2.2.37.SP2-redhat-00001//io.undertow.servlet.handlers.SendErrorPageHandler.handleRequest(SendErrorPageHandler.java:52)
		at io.undertow.core@2.2.37.SP2-redhat-00001//io.undertow.server.handlers.PredicateHandler.handleRequest(PredicateHandler.java:43)
		at io.undertow.servlet@2.2.37.SP2-redhat-00001//io.undertow.servlet.handlers.ServletInitialHandler.handleFirstRequest(ServletInitialHandler.java:275)
		at io.undertow.servlet@2.2.37.SP2-redhat-00001//io.undertow.servlet.handlers.ServletInitialHandler.access$100(ServletInitialHandler.java:79)
		at io.undertow.servlet@2.2.37.SP2-redhat-00001//io.undertow.servlet.handlers.ServletInitialHandler$2.call(ServletInitialHandler.java:134)
		at io.undertow.servlet@2.2.37.SP2-redhat-00001//io.undertow.servlet.handlers.ServletInitialHandler$2.call(ServletInitialHandler.java:131)
		at io.undertow.servlet@2.2.37.SP2-redhat-00001//io.undertow.servlet.core.ServletRequestContextThreadSetupAction$1.call(ServletRequestContextThreadSetupAction.java:48)
		at io.undertow.servlet@2.2.37.SP2-redhat-00001//io.undertow.servlet.core.ContextClassLoaderSetupAction$1.call(ContextClassLoaderSetupAction.java:43)
		at org.wildfly.extension.undertow@7.4.23.GA-redhat-00002//org.wildfly.extension.undertow.security.SecurityContextThreadSetupAction.lambda$create$0(SecurityContextThreadSetupAction.java:105)
		at org.wildfly.extension.undertow@7.4.23.GA-redhat-00002//org.wildfly.extension.undertow.deployment.UndertowDeploymentInfoService$UndertowThreadSetupAction.lambda$create$0(UndertowDeploymentInfoService.java:1555)
		at org.wildfly.extension.undertow@7.4.23.GA-redhat-00002//org.wildfly.extension.undertow.deployment.UndertowDeploymentInfoService$UndertowThreadSetupAction.lambda$create$0(UndertowDeploymentInfoService.java:1555)
		at org.wildfly.extension.undertow@7.4.23.GA-redhat-00002//org.wildfly.extension.undertow.deployment.UndertowDeploymentInfoService$UndertowThreadSetupAction.lambda$create$0(UndertowDeploymentInfoService.java:1555)
		at org.wildfly.extension.undertow@7.4.23.GA-redhat-00002//org.wildfly.extension.undertow.deployment.UndertowDeploymentInfoService$UndertowThreadSetupAction.lambda$create$0(UndertowDeploymentInfoService.java:1555)
		at io.undertow.servlet@2.2.37.SP2-redhat-00001//io.undertow.servlet.handlers.ServletInitialHandler.dispatchRequest(ServletInitialHandler.java:255)
		at io.undertow.servlet@2.2.37.SP2-redhat-00001//io.undertow.servlet.handlers.ServletInitialHandler.access$000(ServletInitialHandler.java:79)
		at io.undertow.servlet@2.2.37.SP2-redhat-00001//io.undertow.servlet.handlers.ServletInitialHandler$1.handleRequest(ServletInitialHandler.java:100)
		at io.undertow.core@2.2.37.SP2-redhat-00001//io.undertow.server.Connectors.executeRootHandler(Connectors.java:395)
		at io.undertow.core@2.2.37.SP2-redhat-00001//io.undertow.server.HttpServerExchange$1.run(HttpServerExchange.java:889)
		at org.jboss.threads@2.4.0.Final-redhat-00001//org.jboss.threads.ContextClassLoaderSavingRunnable.run(ContextClassLoaderSavingRunnable.java:35)
		at org.jboss.threads@2.4.0.Final-redhat-00001//org.jboss.threads.EnhancedQueueExecutor.safeRun(EnhancedQueueExecutor.java:1990)
		at org.jboss.threads@2.4.0.Final-redhat-00001//org.jboss.threads.EnhancedQueueExecutor$ThreadBody.doRunTask(EnhancedQueueExecutor.java:1486)
		at org.jboss.threads@2.4.0.Final-redhat-00001//org.jboss.threads.EnhancedQueueExecutor$ThreadBody.run(EnhancedQueueExecutor.java:1348)
		at org.jboss.xnio@3.8.16.Final-redhat-00001//org.xnio.XnioWorker$WorkerThreadFactory$1$1.run(XnioWorker.java:1282)
		... 1 more

[0m[31m17:41:47,380 ERROR [io.undertow.request] (default task-28) UT005023: Exception handling request to /reproducer/session: org.infinispan.util.concurrent.TimeoutException: ISPN000299: Unable to acquire lock after 15 seconds for key SessionCreationMetaDataKey(U_HgIWb88N0DPWVuTyOiROZBgkvvAt-8SU-Ri-5g) and requestor GlobalTransaction{id=29, addr=node3, remote=false, xid=null, internalId=-1}. Lock is held by GlobalTransaction{id=24, addr=node3, remote=false, xid=null, internalId=-1}
	at org.infinispan//org.infinispan.interceptors.impl.AsyncInterceptorChainImpl.invoke(AsyncInterceptorChainImpl.java:255)
	at org.infinispan//org.infinispan.cache.impl.InvocationHelper.doInvoke(InvocationHelper.java:298)
	at org.infinispan//org.infinispan.cache.impl.InvocationHelper.invoke(InvocationHelper.java:102)
	at org.infinispan//org.infinispan.cache.impl.CacheImpl.get(CacheImpl.java:541)
	at org.infinispan//org.infinispan.cache.impl.DecoratedCache.get(DecoratedCache.java:522)
	at org.infinispan//org.infinispan.cache.impl.AbstractDelegatingCache.get(AbstractDelegatingCache.java:439)
	at org.infinispan//org.infinispan.cache.impl.EncoderCache.get(EncoderCache.java:696)
	at org.infinispan//org.infinispan.cache.impl.AbstractDelegatingCache.get(AbstractDelegatingCache.java:439)
	at org.wildfly.clustering.web.infinispan@7.4.23.GA-redhat-00002//org.wildfly.clustering.web.infinispan.session.InfinispanSessionMetaDataFactory.getValue(InfinispanSessionMetaDataFactory.java:101)
	at org.wildfly.clustering.web.infinispan@7.4.23.GA-redhat-00002//org.wildfly.clustering.web.infinispan.session.InfinispanSessionMetaDataFactory.findValue(InfinispanSessionMetaDataFactory.java:91)
	at org.wildfly.clustering.web.infinispan@7.4.23.GA-redhat-00002//org.wildfly.clustering.web.infinispan.session.InfinispanSessionMetaDataFactory.findValue(InfinispanSessionMetaDataFactory.java:54)
	at org.wildfly.clustering.web.cache@7.4.23.GA-redhat-00002//org.wildfly.clustering.web.cache.session.CompositeSessionFactory.findValue(CompositeSessionFactory.java:63)
	at org.wildfly.clustering.web.cache@7.4.23.GA-redhat-00002//org.wildfly.clustering.web.cache.session.CompositeSessionFactory.findValue(CompositeSessionFactory.java:40)
	at org.wildfly.clustering.web.infinispan@7.4.23.GA-redhat-00002//org.wildfly.clustering.web.infinispan.session.InfinispanSessionManager.findSession(InfinispanSessionManager.java:161)
	at org.wildfly.clustering.web.cache@7.4.23.GA-redhat-00002//org.wildfly.clustering.web.cache.session.ConcurrentSessionManager$2.apply(ConcurrentSessionManager.java:66)
	at org.wildfly.clustering.web.cache@7.4.23.GA-redhat-00002//org.wildfly.clustering.web.cache.session.ConcurrentSessionManager$2.apply(ConcurrentSessionManager.java:63)
	at org.wildfly.clustering.ee.cache@7.4.23.GA-redhat-00002//org.wildfly.clustering.ee.cache.SimpleManager.apply(SimpleManager.java:52)
	at org.wildfly.clustering.web.cache@7.4.23.GA-redhat-00002//org.wildfly.clustering.web.cache.session.ConcurrentSessionManager.findSession(ConcurrentSessionManager.java:71)
	at org.wildfly.clustering.web.undertow@7.4.23.GA-redhat-00002//org.wildfly.clustering.web.undertow.session.DistributableSessionManager.getSession(DistributableSessionManager.java:228)
	at io.undertow.servlet@2.2.37.SP2-redhat-00001//io.undertow.servlet.spec.ServletContextImpl.getSession(ServletContextImpl.java:910)
	at io.undertow.servlet@2.2.37.SP2-redhat-00001//io.undertow.servlet.spec.ServletContextImpl.getSession(ServletContextImpl.java:1010)
	at io.undertow.servlet@2.2.37.SP2-redhat-00001//io.undertow.servlet.handlers.security.CachedAuthenticatedSessionHandler.handleRequest(CachedAuthenticatedSessionHandler.java:69)
	at io.undertow.core@2.2.37.SP2-redhat-00001//io.undertow.security.handlers.NotificationReceiverHandler.handleRequest(NotificationReceiverHandler.java:50)
	at io.undertow.core@2.2.37.SP2-redhat-00001//io.undertow.security.handlers.AbstractSecurityContextAssociationHandler.handleRequest(AbstractSecurityContextAssociationHandler.java:43)
	at io.undertow.core@2.2.37.SP2-redhat-00001//io.undertow.server.handlers.PredicateHandler.handleRequest(PredicateHandler.java:43)
	at org.wildfly.extension.undertow@7.4.23.GA-redhat-00002//org.wildfly.extension.undertow.security.jacc.JACCContextIdHandler.handleRequest(JACCContextIdHandler.java:61)
	at io.undertow.core@2.2.37.SP2-redhat-00001//io.undertow.server.handlers.PredicateHandler.handleRequest(PredicateHandler.java:43)
	at org.wildfly.extension.undertow@7.4.23.GA-redhat-00002//org.wildfly.extension.undertow.deployment.GlobalRequestControllerHandler.handleRequest(GlobalRequestControllerHandler.java:68)
	at io.undertow.servlet@2.2.37.SP2-redhat-00001//io.undertow.servlet.handlers.SendErrorPageHandler.handleRequest(SendErrorPageHandler.java:52)
	at io.undertow.core@2.2.37.SP2-redhat-00001//io.undertow.server.handlers.PredicateHandler.handleRequest(PredicateHandler.java:43)
	at io.undertow.servlet@2.2.37.SP2-redhat-00001//io.undertow.servlet.handlers.ServletInitialHandler.handleFirstRequest(ServletInitialHandler.java:275)
	at io.undertow.servlet@2.2.37.SP2-redhat-00001//io.undertow.servlet.handlers.ServletInitialHandler.access$100(ServletInitialHandler.java:79)
	at io.undertow.servlet@2.2.37.SP2-redhat-00001//io.undertow.servlet.handlers.ServletInitialHandler$2.call(ServletInitialHandler.java:134)
	at io.undertow.servlet@2.2.37.SP2-redhat-00001//io.undertow.servlet.handlers.ServletInitialHandler$2.call(ServletInitialHandler.java:131)
	at io.undertow.servlet@2.2.37.SP2-redhat-00001//io.undertow.servlet.core.ServletRequestContextThreadSetupAction$1.call(ServletRequestContextThreadSetupAction.java:48)
	at io.undertow.servlet@2.2.37.SP2-redhat-00001//io.undertow.servlet.core.ContextClassLoaderSetupAction$1.call(ContextClassLoaderSetupAction.java:43)
	at org.wildfly.extension.undertow@7.4.23.GA-redhat-00002//org.wildfly.extension.undertow.security.SecurityContextThreadSetupAction.lambda$create$0(SecurityContextThreadSetupAction.java:105)
	at org.wildfly.extension.undertow@7.4.23.GA-redhat-00002//org.wildfly.extension.undertow.deployment.UndertowDeploymentInfoService$UndertowThreadSetupAction.lambda$create$0(UndertowDeploymentInfoService.java:1555)
	at org.wildfly.extension.undertow@7.4.23.GA-redhat-00002//org.wildfly.extension.undertow.deployment.UndertowDeploymentInfoService$UndertowThreadSetupAction.lambda$create$0(UndertowDeploymentInfoService.java:1555)
	at org.wildfly.extension.undertow@7.4.23.GA-redhat-00002//org.wildfly.extension.undertow.deployment.UndertowDeploymentInfoService$UndertowThreadSetupAction.lambda$create$0(UndertowDeploymentInfoService.java:1555)
	at org.wildfly.extension.undertow@7.4.23.GA-redhat-00002//org.wildfly.extension.undertow.deployment.UndertowDeploymentInfoService$UndertowThreadSetupAction.lambda$create$0(UndertowDeploymentInfoService.java:1555)
	at io.undertow.servlet@2.2.37.SP2-redhat-00001//io.undertow.servlet.handlers.ServletInitialHandler.dispatchRequest(ServletInitialHandler.java:255)
	at io.undertow.servlet@2.2.37.SP2-redhat-00001//io.undertow.servlet.handlers.ServletInitialHandler.access$000(ServletInitialHandler.java:79)
	at io.undertow.servlet@2.2.37.SP2-redhat-00001//io.undertow.servlet.handlers.ServletInitialHandler$1.handleRequest(ServletInitialHandler.java:100)
	at io.undertow.core@2.2.37.SP2-redhat-00001//io.undertow.server.Connectors.executeRootHandler(Connectors.java:395)
	at io.undertow.core@2.2.37.SP2-redhat-00001//io.undertow.server.HttpServerExchange$1.run(HttpServerExchange.java:889)
	at org.jboss.threads@2.4.0.Final-redhat-00001//org.jboss.threads.ContextClassLoaderSavingRunnable.run(ContextClassLoaderSavingRunnable.java:35)
	at org.jboss.threads@2.4.0.Final-redhat-00001//org.jboss.threads.EnhancedQueueExecutor.safeRun(EnhancedQueueExecutor.java:1990)
	at org.jboss.threads@2.4.0.Final-redhat-00001//org.jboss.threads.EnhancedQueueExecutor$ThreadBody.doRunTask(EnhancedQueueExecutor.java:1486)
	at org.jboss.threads@2.4.0.Final-redhat-00001//org.jboss.threads.EnhancedQueueExecutor$ThreadBody.run(EnhancedQueueExecutor.java:1348)
	at org.jboss.xnio@3.8.16.Final-redhat-00001//org.xnio.XnioWorker$WorkerThreadFactory$1$1.run(XnioWorker.java:1282)
	at java.base/java.lang.Thread.run(Thread.java:829)
Caused by: org.infinispan.util.concurrent.TimeoutException: ISPN000299: Unable to acquire lock after 15 seconds for key SessionCreationMetaDataKey(U_HgIWb88N0DPWVuTyOiROZBgkvvAt-8SU-Ri-5g) and requestor GlobalTransaction{id=29, addr=node3, remote=false, xid=null, internalId=-1}. Lock is held by GlobalTransaction{id=24, addr=node3, remote=false, xid=null, internalId=-1}
	at org.infinispan//org.infinispan.util.concurrent.locks.impl.DefaultLockManager$KeyAwareExtendedLockPromise.get(DefaultLockManager.java:292)
	at org.infinispan//org.infinispan.util.concurrent.locks.impl.DefaultLockManager$KeyAwareExtendedLockPromise.get(DefaultLockManager.java:222)
	at org.infinispan//org.infinispan.util.concurrent.locks.impl.InfinispanLock$LockPlaceHolder.checkState(InfinispanLock.java:440)
	at org.infinispan//org.infinispan.util.concurrent.locks.impl.InfinispanLock$LockPlaceHolder.lambda$toInvocationStage$3(InfinispanLock.java:416)
	at java.base/java.util.concurrent.CompletableFuture$UniApply.tryFire(CompletableFuture.java:642)
	at java.base/java.util.concurrent.CompletableFuture$Completion.run(CompletableFuture.java:478)
	at java.base/java.util.concurrent.ThreadPoolExecutor.runWorker(ThreadPoolExecutor.java:1128)
	at java.base/java.util.concurrent.ThreadPoolExecutor$Worker.run(ThreadPoolExecutor.java:628)
	at org.jboss.as.clustering.common@7.4.23.GA-redhat-00002//org.jboss.as.clustering.context.ContextReferenceExecutor.execute(ContextReferenceExecutor.java:49)
	at org.jboss.as.clustering.common@7.4.23.GA-redhat-00002//org.jboss.as.clustering.context.ContextualExecutor$1.run(ContextualExecutor.java:70)
	... 1 more
	Suppressed: org.infinispan.commons.util.logging.TraceException
		at org.infinispan//org.infinispan.interceptors.impl.SimpleAsyncInvocationStage.get(SimpleAsyncInvocationStage.java:39)
		at org.infinispan//org.infinispan.interceptors.impl.AsyncInterceptorChainImpl.invoke(AsyncInterceptorChainImpl.java:246)
		at org.infinispan//org.infinispan.cache.impl.InvocationHelper.doInvoke(InvocationHelper.java:298)
		at org.infinispan//org.infinispan.cache.impl.InvocationHelper.invoke(InvocationHelper.java:102)
		at org.infinispan//org.infinispan.cache.impl.CacheImpl.get(CacheImpl.java:541)
		at org.infinispan//org.infinispan.cache.impl.DecoratedCache.get(DecoratedCache.java:522)
		at org.infinispan//org.infinispan.cache.impl.AbstractDelegatingCache.get(AbstractDelegatingCache.java:439)
		at org.infinispan//org.infinispan.cache.impl.EncoderCache.get(EncoderCache.java:696)
		at org.infinispan//org.infinispan.cache.impl.AbstractDelegatingCache.get(AbstractDelegatingCache.java:439)
		at org.wildfly.clustering.web.infinispan@7.4.23.GA-redhat-00002//org.wildfly.clustering.web.infinispan.session.InfinispanSessionMetaDataFactory.getValue(InfinispanSessionMetaDataFactory.java:101)
		at org.wildfly.clustering.web.infinispan@7.4.23.GA-redhat-00002//org.wildfly.clustering.web.infinispan.session.InfinispanSessionMetaDataFactory.findValue(InfinispanSessionMetaDataFactory.java:91)
		at org.wildfly.clustering.web.infinispan@7.4.23.GA-redhat-00002//org.wildfly.clustering.web.infinispan.session.InfinispanSessionMetaDataFactory.findValue(InfinispanSessionMetaDataFactory.java:54)
		at org.wildfly.clustering.web.cache@7.4.23.GA-redhat-00002//org.wildfly.clustering.web.cache.session.CompositeSessionFactory.findValue(CompositeSessionFactory.java:63)
		at org.wildfly.clustering.web.cache@7.4.23.GA-redhat-00002//org.wildfly.clustering.web.cache.session.CompositeSessionFactory.findValue(CompositeSessionFactory.java:40)
		at org.wildfly.clustering.web.infinispan@7.4.23.GA-redhat-00002//org.wildfly.clustering.web.infinispan.session.InfinispanSessionManager.findSession(InfinispanSessionManager.java:161)
		at org.wildfly.clustering.web.cache@7.4.23.GA-redhat-00002//org.wildfly.clustering.web.cache.session.ConcurrentSessionManager$2.apply(ConcurrentSessionManager.java:66)
		at org.wildfly.clustering.web.cache@7.4.23.GA-redhat-00002//org.wildfly.clustering.web.cache.session.ConcurrentSessionManager$2.apply(ConcurrentSessionManager.java:63)
		at org.wildfly.clustering.ee.cache@7.4.23.GA-redhat-00002//org.wildfly.clustering.ee.cache.SimpleManager.apply(SimpleManager.java:52)
		at org.wildfly.clustering.web.cache@7.4.23.GA-redhat-00002//org.wildfly.clustering.web.cache.session.ConcurrentSessionManager.findSession(ConcurrentSessionManager.java:71)
		at org.wildfly.clustering.web.undertow@7.4.23.GA-redhat-00002//org.wildfly.clustering.web.undertow.session.DistributableSessionManager.getSession(DistributableSessionManager.java:228)
		at io.undertow.servlet@2.2.37.SP2-redhat-00001//io.undertow.servlet.spec.ServletContextImpl.getSession(ServletContextImpl.java:910)
		at io.undertow.servlet@2.2.37.SP2-redhat-00001//io.undertow.servlet.spec.ServletContextImpl.getSession(ServletContextImpl.java:1010)
		at io.undertow.servlet@2.2.37.SP2-redhat-00001//io.undertow.servlet.handlers.security.CachedAuthenticatedSessionHandler.handleRequest(CachedAuthenticatedSessionHandler.java:69)
		at io.undertow.core@2.2.37.SP2-redhat-00001//io.undertow.security.handlers.NotificationReceiverHandler.handleRequest(NotificationReceiverHandler.java:50)
		at io.undertow.core@2.2.37.SP2-redhat-00001//io.undertow.security.handlers.AbstractSecurityContextAssociationHandler.handleRequest(AbstractSecurityContextAssociationHandler.java:43)
		at io.undertow.core@2.2.37.SP2-redhat-00001//io.undertow.server.handlers.PredicateHandler.handleRequest(PredicateHandler.java:43)
		at org.wildfly.extension.undertow@7.4.23.GA-redhat-00002//org.wildfly.extension.undertow.security.jacc.JACCContextIdHandler.handleRequest(JACCContextIdHandler.java:61)
		at io.undertow.core@2.2.37.SP2-redhat-00001//io.undertow.server.handlers.PredicateHandler.handleRequest(PredicateHandler.java:43)
		at org.wildfly.extension.undertow@7.4.23.GA-redhat-00002//org.wildfly.extension.undertow.deployment.GlobalRequestControllerHandler.handleRequest(GlobalRequestControllerHandler.java:68)
		at io.undertow.servlet@2.2.37.SP2-redhat-00001//io.undertow.servlet.handlers.SendErrorPageHandler.handleRequest(SendErrorPageHandler.java:52)
		at io.undertow.core@2.2.37.SP2-redhat-00001//io.undertow.server.handlers.PredicateHandler.handleRequest(PredicateHandler.java:43)
		at io.undertow.servlet@2.2.37.SP2-redhat-00001//io.undertow.servlet.handlers.ServletInitialHandler.handleFirstRequest(ServletInitialHandler.java:275)
		at io.undertow.servlet@2.2.37.SP2-redhat-00001//io.undertow.servlet.handlers.ServletInitialHandler.access$100(ServletInitialHandler.java:79)
		at io.undertow.servlet@2.2.37.SP2-redhat-00001//io.undertow.servlet.handlers.ServletInitialHandler$2.call(ServletInitialHandler.java:134)
		at io.undertow.servlet@2.2.37.SP2-redhat-00001//io.undertow.servlet.handlers.ServletInitialHandler$2.call(ServletInitialHandler.java:131)
		at io.undertow.servlet@2.2.37.SP2-redhat-00001//io.undertow.servlet.core.ServletRequestContextThreadSetupAction$1.call(ServletRequestContextThreadSetupAction.java:48)
		at io.undertow.servlet@2.2.37.SP2-redhat-00001//io.undertow.servlet.core.ContextClassLoaderSetupAction$1.call(ContextClassLoaderSetupAction.java:43)
		at org.wildfly.extension.undertow@7.4.23.GA-redhat-00002//org.wildfly.extension.undertow.security.SecurityContextThreadSetupAction.lambda$create$0(SecurityContextThreadSetupAction.java:105)
		at org.wildfly.extension.undertow@7.4.23.GA-redhat-00002//org.wildfly.extension.undertow.deployment.UndertowDeploymentInfoService$UndertowThreadSetupAction.lambda$create$0(UndertowDeploymentInfoService.java:1555)
		at org.wildfly.extension.undertow@7.4.23.GA-redhat-00002//org.wildfly.extension.undertow.deployment.UndertowDeploymentInfoService$UndertowThreadSetupAction.lambda$create$0(UndertowDeploymentInfoService.java:1555)
		at org.wildfly.extension.undertow@7.4.23.GA-redhat-00002//org.wildfly.extension.undertow.deployment.UndertowDeploymentInfoService$UndertowThreadSetupAction.lambda$create$0(UndertowDeploymentInfoService.java:1555)
		at org.wildfly.extension.undertow@7.4.23.GA-redhat-00002//org.wildfly.extension.undertow.deployment.UndertowDeploymentInfoService$UndertowThreadSetupAction.lambda$create$0(UndertowDeploymentInfoService.java:1555)
		at io.undertow.servlet@2.2.37.SP2-redhat-00001//io.undertow.servlet.handlers.ServletInitialHandler.dispatchRequest(ServletInitialHandler.java:255)
		at io.undertow.servlet@2.2.37.SP2-redhat-00001//io.undertow.servlet.handlers.ServletInitialHandler.access$000(ServletInitialHandler.java:79)
		at io.undertow.servlet@2.2.37.SP2-redhat-00001//io.undertow.servlet.handlers.ServletInitialHandler$1.handleRequest(ServletInitialHandler.java:100)
		at io.undertow.core@2.2.37.SP2-redhat-00001//io.undertow.server.Connectors.executeRootHandler(Connectors.java:395)
		at io.undertow.core@2.2.37.SP2-redhat-00001//io.undertow.server.HttpServerExchange$1.run(HttpServerExchange.java:889)
		at org.jboss.threads@2.4.0.Final-redhat-00001//org.jboss.threads.ContextClassLoaderSavingRunnable.run(ContextClassLoaderSavingRunnable.java:35)
		at org.jboss.threads@2.4.0.Final-redhat-00001//org.jboss.threads.EnhancedQueueExecutor.safeRun(EnhancedQueueExecutor.java:1990)
		at org.jboss.threads@2.4.0.Final-redhat-00001//org.jboss.threads.EnhancedQueueExecutor$ThreadBody.doRunTask(EnhancedQueueExecutor.java:1486)
		at org.jboss.threads@2.4.0.Final-redhat-00001//org.jboss.threads.EnhancedQueueExecutor$ThreadBody.run(EnhancedQueueExecutor.java:1348)
		at org.jboss.xnio@3.8.16.Final-redhat-00001//org.xnio.XnioWorker$WorkerThreadFactory$1$1.run(XnioWorker.java:1282)
		... 1 more

[0m[31m17:41:47,380 ERROR [io.undertow.request] (default task-6) UT005023: Exception handling request to /reproducer/session: org.infinispan.util.concurrent.TimeoutException: ISPN000299: Unable to acquire lock after 15 seconds for key SessionCreationMetaDataKey(U_HgIWb88N0DPWVuTyOiROZBgkvvAt-8SU-Ri-5g) and requestor GlobalTransaction{id=27, addr=node3, remote=false, xid=null, internalId=-1}. Lock is held by GlobalTransaction{id=24, addr=node3, remote=false, xid=null, internalId=-1}
	at org.infinispan//org.infinispan.interceptors.impl.AsyncInterceptorChainImpl.invoke(AsyncInterceptorChainImpl.java:255)
	at org.infinispan//org.infinispan.cache.impl.InvocationHelper.doInvoke(InvocationHelper.java:298)
	at org.infinispan//org.infinispan.cache.impl.InvocationHelper.invoke(InvocationHelper.java:102)
	at org.infinispan//org.infinispan.cache.impl.CacheImpl.get(CacheImpl.java:541)
	at org.infinispan//org.infinispan.cache.impl.DecoratedCache.get(DecoratedCache.java:522)
	at org.infinispan//org.infinispan.cache.impl.AbstractDelegatingCache.get(AbstractDelegatingCache.java:439)
	at org.infinispan//org.infinispan.cache.impl.EncoderCache.get(EncoderCache.java:696)
	at org.infinispan//org.infinispan.cache.impl.AbstractDelegatingCache.get(AbstractDelegatingCache.java:439)
	at org.wildfly.clustering.web.infinispan@7.4.23.GA-redhat-00002//org.wildfly.clustering.web.infinispan.session.InfinispanSessionMetaDataFactory.getValue(InfinispanSessionMetaDataFactory.java:101)
	at org.wildfly.clustering.web.infinispan@7.4.23.GA-redhat-00002//org.wildfly.clustering.web.infinispan.session.InfinispanSessionMetaDataFactory.findValue(InfinispanSessionMetaDataFactory.java:91)
	at org.wildfly.clustering.web.infinispan@7.4.23.GA-redhat-00002//org.wildfly.clustering.web.infinispan.session.InfinispanSessionMetaDataFactory.findValue(InfinispanSessionMetaDataFactory.java:54)
	at org.wildfly.clustering.web.cache@7.4.23.GA-redhat-00002//org.wildfly.clustering.web.cache.session.CompositeSessionFactory.findValue(CompositeSessionFactory.java:63)
	at org.wildfly.clustering.web.cache@7.4.23.GA-redhat-00002//org.wildfly.clustering.web.cache.session.CompositeSessionFactory.findValue(CompositeSessionFactory.java:40)
	at org.wildfly.clustering.web.infinispan@7.4.23.GA-redhat-00002//org.wildfly.clustering.web.infinispan.session.InfinispanSessionManager.findSession(InfinispanSessionManager.java:161)
	at org.wildfly.clustering.web.cache@7.4.23.GA-redhat-00002//org.wildfly.clustering.web.cache.session.ConcurrentSessionManager$2.apply(ConcurrentSessionManager.java:66)
	at org.wildfly.clustering.web.cache@7.4.23.GA-redhat-00002//org.wildfly.clustering.web.cache.session.ConcurrentSessionManager$2.apply(ConcurrentSessionManager.java:63)
	at org.wildfly.clustering.ee.cache@7.4.23.GA-redhat-00002//org.wildfly.clustering.ee.cache.SimpleManager.apply(SimpleManager.java:52)
	at org.wildfly.clustering.web.cache@7.4.23.GA-redhat-00002//org.wildfly.clustering.web.cache.session.ConcurrentSessionManager.findSession(ConcurrentSessionManager.java:71)
	at org.wildfly.clustering.web.undertow@7.4.23.GA-redhat-00002//org.wildfly.clustering.web.undertow.session.DistributableSessionManager.getSession(DistributableSessionManager.java:228)
	at io.undertow.servlet@2.2.37.SP2-redhat-00001//io.undertow.servlet.spec.ServletContextImpl.getSession(ServletContextImpl.java:910)
	at io.undertow.servlet@2.2.37.SP2-redhat-00001//io.undertow.servlet.spec.ServletContextImpl.getSession(ServletContextImpl.java:1010)
	at io.undertow.servlet@2.2.37.SP2-redhat-00001//io.undertow.servlet.handlers.security.CachedAuthenticatedSessionHandler.handleRequest(CachedAuthenticatedSessionHandler.java:69)
	at io.undertow.core@2.2.37.SP2-redhat-00001//io.undertow.security.handlers.NotificationReceiverHandler.handleRequest(NotificationReceiverHandler.java:50)
	at io.undertow.core@2.2.37.SP2-redhat-00001//io.undertow.security.handlers.AbstractSecurityContextAssociationHandler.handleRequest(AbstractSecurityContextAssociationHandler.java:43)
	at io.undertow.core@2.2.37.SP2-redhat-00001//io.undertow.server.handlers.PredicateHandler.handleRequest(PredicateHandler.java:43)
	at org.wildfly.extension.undertow@7.4.23.GA-redhat-00002//org.wildfly.extension.undertow.security.jacc.JACCContextIdHandler.handleRequest(JACCContextIdHandler.java:61)
	at io.undertow.core@2.2.37.SP2-redhat-00001//io.undertow.server.handlers.PredicateHandler.handleRequest(PredicateHandler.java:43)
	at org.wildfly.extension.undertow@7.4.23.GA-redhat-00002//org.wildfly.extension.undertow.deployment.GlobalRequestControllerHandler.handleRequest(GlobalRequestControllerHandler.java:68)
	at io.undertow.servlet@2.2.37.SP2-redhat-00001//io.undertow.servlet.handlers.SendErrorPageHandler.handleRequest(SendErrorPageHandler.java:52)
	at io.undertow.core@2.2.37.SP2-redhat-00001//io.undertow.server.handlers.PredicateHandler.handleRequest(PredicateHandler.java:43)
	at io.undertow.servlet@2.2.37.SP2-redhat-00001//io.undertow.servlet.handlers.ServletInitialHandler.handleFirstRequest(ServletInitialHandler.java:275)
	at io.undertow.servlet@2.2.37.SP2-redhat-00001//io.undertow.servlet.handlers.ServletInitialHandler.access$100(ServletInitialHandler.java:79)
	at io.undertow.servlet@2.2.37.SP2-redhat-00001//io.undertow.servlet.handlers.ServletInitialHandler$2.call(ServletInitialHandler.java:134)
	at io.undertow.servlet@2.2.37.SP2-redhat-00001//io.undertow.servlet.handlers.ServletInitialHandler$2.call(ServletInitialHandler.java:131)
	at io.undertow.servlet@2.2.37.SP2-redhat-00001//io.undertow.servlet.core.ServletRequestContextThreadSetupAction$1.call(ServletRequestContextThreadSetupAction.java:48)
	at io.undertow.servlet@2.2.37.SP2-redhat-00001//io.undertow.servlet.core.ContextClassLoaderSetupAction$1.call(ContextClassLoaderSetupAction.java:43)
	at org.wildfly.extension.undertow@7.4.23.GA-redhat-00002//org.wildfly.extension.undertow.security.SecurityContextThreadSetupAction.lambda$create$0(SecurityContextThreadSetupAction.java:105)
	at org.wildfly.extension.undertow@7.4.23.GA-redhat-00002//org.wildfly.extension.undertow.deployment.UndertowDeploymentInfoService$UndertowThreadSetupAction.lambda$create$0(UndertowDeploymentInfoService.java:1555)
	at org.wildfly.extension.undertow@7.4.23.GA-redhat-00002//org.wildfly.extension.undertow.deployment.UndertowDeploymentInfoService$UndertowThreadSetupAction.lambda$create$0(UndertowDeploymentInfoService.java:1555)
	at org.wildfly.extension.undertow@7.4.23.GA-redhat-00002//org.wildfly.extension.undertow.deployment.UndertowDeploymentInfoService$UndertowThreadSetupAction.lambda$create$0(UndertowDeploymentInfoService.java:1555)
	at org.wildfly.extension.undertow@7.4.23.GA-redhat-00002//org.wildfly.extension.undertow.deployment.UndertowDeploymentInfoService$UndertowThreadSetupAction.lambda$create$0(UndertowDeploymentInfoService.java:1555)
	at io.undertow.servlet@2.2.37.SP2-redhat-00001//io.undertow.servlet.handlers.ServletInitialHandler.dispatchRequest(ServletInitialHandler.java:255)
	at io.undertow.servlet@2.2.37.SP2-redhat-00001//io.undertow.servlet.handlers.ServletInitialHandler.access$000(ServletInitialHandler.java:79)
	at io.undertow.servlet@2.2.37.SP2-redhat-00001//io.undertow.servlet.handlers.ServletInitialHandler$1.handleRequest(ServletInitialHandler.java:100)
	at io.undertow.core@2.2.37.SP2-redhat-00001//io.undertow.server.Connectors.executeRootHandler(Connectors.java:395)
	at io.undertow.core@2.2.37.SP2-redhat-00001//io.undertow.server.HttpServerExchange$1.run(HttpServerExchange.java:889)
	at org.jboss.threads@2.4.0.Final-redhat-00001//org.jboss.threads.ContextClassLoaderSavingRunnable.run(ContextClassLoaderSavingRunnable.java:35)
	at org.jboss.threads@2.4.0.Final-redhat-00001//org.jboss.threads.EnhancedQueueExecutor.safeRun(EnhancedQueueExecutor.java:1990)
	at org.jboss.threads@2.4.0.Final-redhat-00001//org.jboss.threads.EnhancedQueueExecutor$ThreadBody.doRunTask(EnhancedQueueExecutor.java:1486)
	at org.jboss.threads@2.4.0.Final-redhat-00001//org.jboss.threads.EnhancedQueueExecutor$ThreadBody.run(EnhancedQueueExecutor.java:1348)
	at org.jboss.xnio@3.8.16.Final-redhat-00001//org.xnio.XnioWorker$WorkerThreadFactory$1$1.run(XnioWorker.java:1282)
	at java.base/java.lang.Thread.run(Thread.java:829)
Caused by: org.infinispan.util.concurrent.TimeoutException: ISPN000299: Unable to acquire lock after 15 seconds for key SessionCreationMetaDataKey(U_HgIWb88N0DPWVuTyOiROZBgkvvAt-8SU-Ri-5g) and requestor GlobalTransaction{id=27, addr=node3, remote=false, xid=null, internalId=-1}. Lock is held by GlobalTransaction{id=24, addr=node3, remote=false, xid=null, internalId=-1}
	at org.infinispan//org.infinispan.util.concurrent.locks.impl.DefaultLockManager$KeyAwareExtendedLockPromise.get(DefaultLockManager.java:292)
	at org.infinispan//org.infinispan.util.concurrent.locks.impl.DefaultLockManager$KeyAwareExtendedLockPromise.get(DefaultLockManager.java:222)
	at org.infinispan//org.infinispan.util.concurrent.locks.impl.InfinispanLock$LockPlaceHolder.checkState(InfinispanLock.java:440)
	at org.infinispan//org.infinispan.util.concurrent.locks.impl.InfinispanLock$LockPlaceHolder.lambda$toInvocationStage$3(InfinispanLock.java:416)
	at java.base/java.util.concurrent.CompletableFuture$UniApply.tryFire(CompletableFuture.java:642)
	at java.base/java.util.concurrent.CompletableFuture$Completion.run(CompletableFuture.java:478)
	at java.base/java.util.concurrent.ThreadPoolExecutor.runWorker(ThreadPoolExecutor.java:1128)
	at java.base/java.util.concurrent.ThreadPoolExecutor$Worker.run(ThreadPoolExecutor.java:628)
	at org.jboss.as.clustering.common@7.4.23.GA-redhat-00002//org.jboss.as.clustering.context.ContextReferenceExecutor.execute(ContextReferenceExecutor.java:49)
	at org.jboss.as.clustering.common@7.4.23.GA-redhat-00002//org.jboss.as.clustering.context.ContextualExecutor$1.run(ContextualExecutor.java:70)
	... 1 more
	Suppressed: org.infinispan.commons.util.logging.TraceException
		at org.infinispan//org.infinispan.interceptors.impl.SimpleAsyncInvocationStage.get(SimpleAsyncInvocationStage.java:39)
		at org.infinispan//org.infinispan.interceptors.impl.AsyncInterceptorChainImpl.invoke(AsyncInterceptorChainImpl.java:246)
		at org.infinispan//org.infinispan.cache.impl.InvocationHelper.doInvoke(InvocationHelper.java:298)
		at org.infinispan//org.infinispan.cache.impl.InvocationHelper.invoke(InvocationHelper.java:102)
		at org.infinispan//org.infinispan.cache.impl.CacheImpl.get(CacheImpl.java:541)
		at org.infinispan//org.infinispan.cache.impl.DecoratedCache.get(DecoratedCache.java:522)
		at org.infinispan//org.infinispan.cache.impl.AbstractDelegatingCache.get(AbstractDelegatingCache.java:439)
		at org.infinispan//org.infinispan.cache.impl.EncoderCache.get(EncoderCache.java:696)
		at org.infinispan//org.infinispan.cache.impl.AbstractDelegatingCache.get(AbstractDelegatingCache.java:439)
		at org.wildfly.clustering.web.infinispan@7.4.23.GA-redhat-00002//org.wildfly.clustering.web.infinispan.session.InfinispanSessionMetaDataFactory.getValue(InfinispanSessionMetaDataFactory.java:101)
		at org.wildfly.clustering.web.infinispan@7.4.23.GA-redhat-00002//org.wildfly.clustering.web.infinispan.session.InfinispanSessionMetaDataFactory.findValue(InfinispanSessionMetaDataFactory.java:91)
		at org.wildfly.clustering.web.infinispan@7.4.23.GA-redhat-00002//org.wildfly.clustering.web.infinispan.session.InfinispanSessionMetaDataFactory.findValue(InfinispanSessionMetaDataFactory.java:54)
		at org.wildfly.clustering.web.cache@7.4.23.GA-redhat-00002//org.wildfly.clustering.web.cache.session.CompositeSessionFactory.findValue(CompositeSessionFactory.java:63)
		at org.wildfly.clustering.web.cache@7.4.23.GA-redhat-00002//org.wildfly.clustering.web.cache.session.CompositeSessionFactory.findValue(CompositeSessionFactory.java:40)
		at org.wildfly.clustering.web.infinispan@7.4.23.GA-redhat-00002//org.wildfly.clustering.web.infinispan.session.InfinispanSessionManager.findSession(InfinispanSessionManager.java:161)
		at org.wildfly.clustering.web.cache@7.4.23.GA-redhat-00002//org.wildfly.clustering.web.cache.session.ConcurrentSessionManager$2.apply(ConcurrentSessionManager.java:66)
		at org.wildfly.clustering.web.cache@7.4.23.GA-redhat-00002//org.wildfly.clustering.web.cache.session.ConcurrentSessionManager$2.apply(ConcurrentSessionManager.java:63)
		at org.wildfly.clustering.ee.cache@7.4.23.GA-redhat-00002//org.wildfly.clustering.ee.cache.SimpleManager.apply(SimpleManager.java:52)
		at org.wildfly.clustering.web.cache@7.4.23.GA-redhat-00002//org.wildfly.clustering.web.cache.session.ConcurrentSessionManager.findSession(ConcurrentSessionManager.java:71)
		at org.wildfly.clustering.web.undertow@7.4.23.GA-redhat-00002//org.wildfly.clustering.web.undertow.session.DistributableSessionManager.getSession(DistributableSessionManager.java:228)
		at io.undertow.servlet@2.2.37.SP2-redhat-00001//io.undertow.servlet.spec.ServletContextImpl.getSession(ServletContextImpl.java:910)
		at io.undertow.servlet@2.2.37.SP2-redhat-00001//io.undertow.servlet.spec.ServletContextImpl.getSession(ServletContextImpl.java:1010)
		at io.undertow.servlet@2.2.37.SP2-redhat-00001//io.undertow.servlet.handlers.security.CachedAuthenticatedSessionHandler.handleRequest(CachedAuthenticatedSessionHandler.java:69)
		at io.undertow.core@2.2.37.SP2-redhat-00001//io.undertow.security.handlers.NotificationReceiverHandler.handleRequest(NotificationReceiverHandler.java:50)
		at io.undertow.core@2.2.37.SP2-redhat-00001//io.undertow.security.handlers.AbstractSecurityContextAssociationHandler.handleRequest(AbstractSecurityContextAssociationHandler.java:43)
		at io.undertow.core@2.2.37.SP2-redhat-00001//io.undertow.server.handlers.PredicateHandler.handleRequest(PredicateHandler.java:43)
		at org.wildfly.extension.undertow@7.4.23.GA-redhat-00002//org.wildfly.extension.undertow.security.jacc.JACCContextIdHandler.handleRequest(JACCContextIdHandler.java:61)
		at io.undertow.core@2.2.37.SP2-redhat-00001//io.undertow.server.handlers.PredicateHandler.handleRequest(PredicateHandler.java:43)
		at org.wildfly.extension.undertow@7.4.23.GA-redhat-00002//org.wildfly.extension.undertow.deployment.GlobalRequestControllerHandler.handleRequest(GlobalRequestControllerHandler.java:68)
		at io.undertow.servlet@2.2.37.SP2-redhat-00001//io.undertow.servlet.handlers.SendErrorPageHandler.handleRequest(SendErrorPageHandler.java:52)
		at io.undertow.core@2.2.37.SP2-redhat-00001//io.undertow.server.handlers.PredicateHandler.handleRequest(PredicateHandler.java:43)
		at io.undertow.servlet@2.2.37.SP2-redhat-00001//io.undertow.servlet.handlers.ServletInitialHandler.handleFirstRequest(ServletInitialHandler.java:275)
		at io.undertow.servlet@2.2.37.SP2-redhat-00001//io.undertow.servlet.handlers.ServletInitialHandler.access$100(ServletInitialHandler.java:79)
		at io.undertow.servlet@2.2.37.SP2-redhat-00001//io.undertow.servlet.handlers.ServletInitialHandler$2.call(ServletInitialHandler.java:134)
		at io.undertow.servlet@2.2.37.SP2-redhat-00001//io.undertow.servlet.handlers.ServletInitialHandler$2.call(ServletInitialHandler.java:131)
		at io.undertow.servlet@2.2.37.SP2-redhat-00001//io.undertow.servlet.core.ServletRequestContextThreadSetupAction$1.call(ServletRequestContextThreadSetupAction.java:48)
		at io.undertow.servlet@2.2.37.SP2-redhat-00001//io.undertow.servlet.core.ContextClassLoaderSetupAction$1.call(ContextClassLoaderSetupAction.java:43)
		at org.wildfly.extension.undertow@7.4.23.GA-redhat-00002//org.wildfly.extension.undertow.security.SecurityContextThreadSetupAction.lambda$create$0(SecurityContextThreadSetupAction.java:105)
		at org.wildfly.extension.undertow@7.4.23.GA-redhat-00002//org.wildfly.extension.undertow.deployment.UndertowDeploymentInfoService$UndertowThreadSetupAction.lambda$create$0(UndertowDeploymentInfoService.java:1555)
		at org.wildfly.extension.undertow@7.4.23.GA-redhat-00002//org.wildfly.extension.undertow.deployment.UndertowDeploymentInfoService$UndertowThreadSetupAction.lambda$create$0(UndertowDeploymentInfoService.java:1555)
		at org.wildfly.extension.undertow@7.4.23.GA-redhat-00002//org.wildfly.extension.undertow.deployment.UndertowDeploymentInfoService$UndertowThreadSetupAction.lambda$create$0(UndertowDeploymentInfoService.java:1555)
		at org.wildfly.extension.undertow@7.4.23.GA-redhat-00002//org.wildfly.extension.undertow.deployment.UndertowDeploymentInfoService$UndertowThreadSetupAction.lambda$create$0(UndertowDeploymentInfoService.java:1555)
		at io.undertow.servlet@2.2.37.SP2-redhat-00001//io.undertow.servlet.handlers.ServletInitialHandler.dispatchRequest(ServletInitialHandler.java:255)
		at io.undertow.servlet@2.2.37.SP2-redhat-00001//io.undertow.servlet.handlers.ServletInitialHandler.access$000(ServletInitialHandler.java:79)
		at io.undertow.servlet@2.2.37.SP2-redhat-00001//io.undertow.servlet.handlers.ServletInitialHandler$1.handleRequest(ServletInitialHandler.java:100)
		at io.undertow.core@2.2.37.SP2-redhat-00001//io.undertow.server.Connectors.executeRootHandler(Connectors.java:395)
		at io.undertow.core@2.2.37.SP2-redhat-00001//io.undertow.server.HttpServerExchange$1.run(HttpServerExchange.java:889)
		at org.jboss.threads@2.4.0.Final-redhat-00001//org.jboss.threads.ContextClassLoaderSavingRunnable.run(ContextClassLoaderSavingRunnable.java:35)
		at org.jboss.threads@2.4.0.Final-redhat-00001//org.jboss.threads.EnhancedQueueExecutor.safeRun(EnhancedQueueExecutor.java:1990)
		at org.jboss.threads@2.4.0.Final-redhat-00001//org.jboss.threads.EnhancedQueueExecutor$ThreadBody.doRunTask(EnhancedQueueExecutor.java:1486)
		at org.jboss.threads@2.4.0.Final-redhat-00001//org.jboss.threads.EnhancedQueueExecutor$ThreadBody.run(EnhancedQueueExecutor.java:1348)
		at org.jboss.xnio@3.8.16.Final-redhat-00001//org.xnio.XnioWorker$WorkerThreadFactory$1$1.run(XnioWorker.java:1282)
		... 1 more

[0m[31m17:41:47,377 ERROR [io.undertow.request] (default task-11) UT005023: Exception handling request to /reproducer/session: org.infinispan.util.concurrent.TimeoutException: ISPN000299: Unable to acquire lock after 15 seconds for key SessionCreationMetaDataKey(U_HgIWb88N0DPWVuTyOiROZBgkvvAt-8SU-Ri-5g) and requestor GlobalTransaction{id=28, addr=node3, remote=false, xid=null, internalId=-1}. Lock is held by GlobalTransaction{id=24, addr=node3, remote=false, xid=null, internalId=-1}
	at org.infinispan//org.infinispan.interceptors.impl.AsyncInterceptorChainImpl.invoke(AsyncInterceptorChainImpl.java:255)
	at org.infinispan//org.infinispan.cache.impl.InvocationHelper.doInvoke(InvocationHelper.java:298)
	at org.infinispan//org.infinispan.cache.impl.InvocationHelper.invoke(InvocationHelper.java:102)
	at org.infinispan//org.infinispan.cache.impl.CacheImpl.get(CacheImpl.java:541)
	at org.infinispan//org.infinispan.cache.impl.DecoratedCache.get(DecoratedCache.java:522)
	at org.infinispan//org.infinispan.cache.impl.AbstractDelegatingCache.get(AbstractDelegatingCache.java:439)
	at org.infinispan//org.infinispan.cache.impl.EncoderCache.get(EncoderCache.java:696)
	at org.infinispan//org.infinispan.cache.impl.AbstractDelegatingCache.get(AbstractDelegatingCache.java:439)
	at org.wildfly.clustering.web.infinispan@7.4.23.GA-redhat-00002//org.wildfly.clustering.web.infinispan.session.InfinispanSessionMetaDataFactory.getValue(InfinispanSessionMetaDataFactory.java:101)
	at org.wildfly.clustering.web.infinispan@7.4.23.GA-redhat-00002//org.wildfly.clustering.web.infinispan.session.InfinispanSessionMetaDataFactory.findValue(InfinispanSessionMetaDataFactory.java:91)
	at org.wildfly.clustering.web.infinispan@7.4.23.GA-redhat-00002//org.wildfly.clustering.web.infinispan.session.InfinispanSessionMetaDataFactory.findValue(InfinispanSessionMetaDataFactory.java:54)
	at org.wildfly.clustering.web.cache@7.4.23.GA-redhat-00002//org.wildfly.clustering.web.cache.session.CompositeSessionFactory.findValue(CompositeSessionFactory.java:63)
	at org.wildfly.clustering.web.cache@7.4.23.GA-redhat-00002//org.wildfly.clustering.web.cache.session.CompositeSessionFactory.findValue(CompositeSessionFactory.java:40)
	at org.wildfly.clustering.web.infinispan@7.4.23.GA-redhat-00002//org.wildfly.clustering.web.infinispan.session.InfinispanSessionManager.findSession(InfinispanSessionManager.java:161)
	at org.wildfly.clustering.web.cache@7.4.23.GA-redhat-00002//org.wildfly.clustering.web.cache.session.ConcurrentSessionManager$2.apply(ConcurrentSessionManager.java:66)
	at org.wildfly.clustering.web.cache@7.4.23.GA-redhat-00002//org.wildfly.clustering.web.cache.session.ConcurrentSessionManager$2.apply(ConcurrentSessionManager.java:63)
	at org.wildfly.clustering.ee.cache@7.4.23.GA-redhat-00002//org.wildfly.clustering.ee.cache.SimpleManager.apply(SimpleManager.java:52)
	at org.wildfly.clustering.web.cache@7.4.23.GA-redhat-00002//org.wildfly.clustering.web.cache.session.ConcurrentSessionManager.findSession(ConcurrentSessionManager.java:71)
	at org.wildfly.clustering.web.undertow@7.4.23.GA-redhat-00002//org.wildfly.clustering.web.undertow.session.DistributableSessionManager.getSession(DistributableSessionManager.java:228)
	at io.undertow.servlet@2.2.37.SP2-redhat-00001//io.undertow.servlet.spec.ServletContextImpl.getSession(ServletContextImpl.java:910)
	at io.undertow.servlet@2.2.37.SP2-redhat-00001//io.undertow.servlet.spec.ServletContextImpl.getSession(ServletContextImpl.java:1010)
	at io.undertow.servlet@2.2.37.SP2-redhat-00001//io.undertow.servlet.handlers.security.CachedAuthenticatedSessionHandler.handleRequest(CachedAuthenticatedSessionHandler.java:69)
	at io.undertow.core@2.2.37.SP2-redhat-00001//io.undertow.security.handlers.NotificationReceiverHandler.handleRequest(NotificationReceiverHandler.java:50)
	at io.undertow.core@2.2.37.SP2-redhat-00001//io.undertow.security.handlers.AbstractSecurityContextAssociationHandler.handleRequest(AbstractSecurityContextAssociationHandler.java:43)
	at io.undertow.core@2.2.37.SP2-redhat-00001//io.undertow.server.handlers.PredicateHandler.handleRequest(PredicateHandler.java:43)
	at org.wildfly.extension.undertow@7.4.23.GA-redhat-00002//org.wildfly.extension.undertow.security.jacc.JACCContextIdHandler.handleRequest(JACCContextIdHandler.java:61)
	at io.undertow.core@2.2.37.SP2-redhat-00001//io.undertow.server.handlers.PredicateHandler.handleRequest(PredicateHandler.java:43)
	at org.wildfly.extension.undertow@7.4.23.GA-redhat-00002//org.wildfly.extension.undertow.deployment.GlobalRequestControllerHandler.handleRequest(GlobalRequestControllerHandler.java:68)
	at io.undertow.servlet@2.2.37.SP2-redhat-00001//io.undertow.servlet.handlers.SendErrorPageHandler.handleRequest(SendErrorPageHandler.java:52)
	at io.undertow.core@2.2.37.SP2-redhat-00001//io.undertow.server.handlers.PredicateHandler.handleRequest(PredicateHandler.java:43)
	at io.undertow.servlet@2.2.37.SP2-redhat-00001//io.undertow.servlet.handlers.ServletInitialHandler.handleFirstRequest(ServletInitialHandler.java:275)
	at io.undertow.servlet@2.2.37.SP2-redhat-00001//io.undertow.servlet.handlers.ServletInitialHandler.access$100(ServletInitialHandler.java:79)
	at io.undertow.servlet@2.2.37.SP2-redhat-00001//io.undertow.servlet.handlers.ServletInitialHandler$2.call(ServletInitialHandler.java:134)
	at io.undertow.servlet@2.2.37.SP2-redhat-00001//io.undertow.servlet.handlers.ServletInitialHandler$2.call(ServletInitialHandler.java:131)
	at io.undertow.servlet@2.2.37.SP2-redhat-00001//io.undertow.servlet.core.ServletRequestContextThreadSetupAction$1.call(ServletRequestContextThreadSetupAction.java:48)
	at io.undertow.servlet@2.2.37.SP2-redhat-00001//io.undertow.servlet.core.ContextClassLoaderSetupAction$1.call(ContextClassLoaderSetupAction.java:43)
	at org.wildfly.extension.undertow@7.4.23.GA-redhat-00002//org.wildfly.extension.undertow.security.SecurityContextThreadSetupAction.lambda$create$0(SecurityContextThreadSetupAction.java:105)
	at org.wildfly.extension.undertow@7.4.23.GA-redhat-00002//org.wildfly.extension.undertow.deployment.UndertowDeploymentInfoService$UndertowThreadSetupAction.lambda$create$0(UndertowDeploymentInfoService.java:1555)
	at org.wildfly.extension.undertow@7.4.23.GA-redhat-00002//org.wildfly.extension.undertow.deployment.UndertowDeploymentInfoService$UndertowThreadSetupAction.lambda$create$0(UndertowDeploymentInfoService.java:1555)
	at org.wildfly.extension.undertow@7.4.23.GA-redhat-00002//org.wildfly.extension.undertow.deployment.UndertowDeploymentInfoService$UndertowThreadSetupAction.lambda$create$0(UndertowDeploymentInfoService.java:1555)
	at org.wildfly.extension.undertow@7.4.23.GA-redhat-00002//org.wildfly.extension.undertow.deployment.UndertowDeploymentInfoService$UndertowThreadSetupAction.lambda$create$0(UndertowDeploymentInfoService.java:1555)
	at io.undertow.servlet@2.2.37.SP2-redhat-00001//io.undertow.servlet.handlers.ServletInitialHandler.dispatchRequest(ServletInitialHandler.java:255)
	at io.undertow.servlet@2.2.37.SP2-redhat-00001//io.undertow.servlet.handlers.ServletInitialHandler.access$000(ServletInitialHandler.java:79)
	at io.undertow.servlet@2.2.37.SP2-redhat-00001//io.undertow.servlet.handlers.ServletInitialHandler$1.handleRequest(ServletInitialHandler.java:100)
	at io.undertow.core@2.2.37.SP2-redhat-00001//io.undertow.server.Connectors.executeRootHandler(Connectors.java:395)
	at io.undertow.core@2.2.37.SP2-redhat-00001//io.undertow.server.HttpServerExchange$1.run(HttpServerExchange.java:889)
	at org.jboss.threads@2.4.0.Final-redhat-00001//org.jboss.threads.ContextClassLoaderSavingRunnable.run(ContextClassLoaderSavingRunnable.java:35)
	at org.jboss.threads@2.4.0.Final-redhat-00001//org.jboss.threads.EnhancedQueueExecutor.safeRun(EnhancedQueueExecutor.java:1990)
	at org.jboss.threads@2.4.0.Final-redhat-00001//org.jboss.threads.EnhancedQueueExecutor$ThreadBody.doRunTask(EnhancedQueueExecutor.java:1486)
	at org.jboss.threads@2.4.0.Final-redhat-00001//org.jboss.threads.EnhancedQueueExecutor$ThreadBody.run(EnhancedQueueExecutor.java:1348)
	at org.jboss.xnio@3.8.16.Final-redhat-00001//org.xnio.XnioWorker$WorkerThreadFactory$1$1.run(XnioWorker.java:1282)
	at java.base/java.lang.Thread.run(Thread.java:829)
Caused by: org.infinispan.util.concurrent.TimeoutException: ISPN000299: Unable to acquire lock after 15 seconds for key SessionCreationMetaDataKey(U_HgIWb88N0DPWVuTyOiROZBgkvvAt-8SU-Ri-5g) and requestor GlobalTransaction{id=28, addr=node3, remote=false, xid=null, internalId=-1}. Lock is held by GlobalTransaction{id=24, addr=node3, remote=false, xid=null, internalId=-1}
	at org.infinispan//org.infinispan.util.concurrent.locks.impl.DefaultLockManager$KeyAwareExtendedLockPromise.get(DefaultLockManager.java:292)
	at org.infinispan//org.infinispan.util.concurrent.locks.impl.DefaultLockManager$KeyAwareExtendedLockPromise.get(DefaultLockManager.java:222)
	at org.infinispan//org.infinispan.util.concurrent.locks.impl.InfinispanLock$LockPlaceHolder.checkState(InfinispanLock.java:440)
	at org.infinispan//org.infinispan.util.concurrent.locks.impl.InfinispanLock$LockPlaceHolder.lambda$toInvocationStage$3(InfinispanLock.java:416)
	at java.base/java.util.concurrent.CompletableFuture$UniApply.tryFire(CompletableFuture.java:642)
	at java.base/java.util.concurrent.CompletableFuture$Completion.run(CompletableFuture.java:478)
	at java.base/java.util.concurrent.ThreadPoolExecutor.runWorker(ThreadPoolExecutor.java:1128)
	at java.base/java.util.concurrent.ThreadPoolExecutor$Worker.run(ThreadPoolExecutor.java:628)
	at org.jboss.as.clustering.common@7.4.23.GA-redhat-00002//org.jboss.as.clustering.context.ContextReferenceExecutor.execute(ContextReferenceExecutor.java:49)
	at org.jboss.as.clustering.common@7.4.23.GA-redhat-00002//org.jboss.as.clustering.context.ContextualExecutor$1.run(ContextualExecutor.java:70)
	... 1 more
	Suppressed: org.infinispan.commons.util.logging.TraceException
		at org.infinispan//org.infinispan.interceptors.impl.SimpleAsyncInvocationStage.get(SimpleAsyncInvocationStage.java:39)
		at org.infinispan//org.infinispan.interceptors.impl.AsyncInterceptorChainImpl.invoke(AsyncInterceptorChainImpl.java:246)
		at org.infinispan//org.infinispan.cache.impl.InvocationHelper.doInvoke(InvocationHelper.java:298)
		at org.infinispan//org.infinispan.cache.impl.InvocationHelper.invoke(InvocationHelper.java:102)
		at org.infinispan//org.infinispan.cache.impl.CacheImpl.get(CacheImpl.java:541)
		at org.infinispan//org.infinispan.cache.impl.DecoratedCache.get(DecoratedCache.java:522)
		at org.infinispan//org.infinispan.cache.impl.AbstractDelegatingCache.get(AbstractDelegatingCache.java:439)
		at org.infinispan//org.infinispan.cache.impl.EncoderCache.get(EncoderCache.java:696)
		at org.infinispan//org.infinispan.cache.impl.AbstractDelegatingCache.get(AbstractDelegatingCache.java:439)
		at org.wildfly.clustering.web.infinispan@7.4.23.GA-redhat-00002//org.wildfly.clustering.web.infinispan.session.InfinispanSessionMetaDataFactory.getValue(InfinispanSessionMetaDataFactory.java:101)
		at org.wildfly.clustering.web.infinispan@7.4.23.GA-redhat-00002//org.wildfly.clustering.web.infinispan.session.InfinispanSessionMetaDataFactory.findValue(InfinispanSessionMetaDataFactory.java:91)
		at org.wildfly.clustering.web.infinispan@7.4.23.GA-redhat-00002//org.wildfly.clustering.web.infinispan.session.InfinispanSessionMetaDataFactory.findValue(InfinispanSessionMetaDataFactory.java:54)
		at org.wildfly.clustering.web.cache@7.4.23.GA-redhat-00002//org.wildfly.clustering.web.cache.session.CompositeSessionFactory.findValue(CompositeSessionFactory.java:63)
		at org.wildfly.clustering.web.cache@7.4.23.GA-redhat-00002//org.wildfly.clustering.web.cache.session.CompositeSessionFactory.findValue(CompositeSessionFactory.java:40)
		at org.wildfly.clustering.web.infinispan@7.4.23.GA-redhat-00002//org.wildfly.clustering.web.infinispan.session.InfinispanSessionManager.findSession(InfinispanSessionManager.java:161)
		at org.wildfly.clustering.web.cache@7.4.23.GA-redhat-00002//org.wildfly.clustering.web.cache.session.ConcurrentSessionManager$2.apply(ConcurrentSessionManager.java:66)
		at org.wildfly.clustering.web.cache@7.4.23.GA-redhat-00002//org.wildfly.clustering.web.cache.session.ConcurrentSessionManager$2.apply(ConcurrentSessionManager.java:63)
		at org.wildfly.clustering.ee.cache@7.4.23.GA-redhat-00002//org.wildfly.clustering.ee.cache.SimpleManager.apply(SimpleManager.java:52)
		at org.wildfly.clustering.web.cache@7.4.23.GA-redhat-00002//org.wildfly.clustering.web.cache.session.ConcurrentSessionManager.findSession(ConcurrentSessionManager.java:71)
		at org.wildfly.clustering.web.undertow@7.4.23.GA-redhat-00002//org.wildfly.clustering.web.undertow.session.DistributableSessionManager.getSession(DistributableSessionManager.java:228)
		at io.undertow.servlet@2.2.37.SP2-redhat-00001//io.undertow.servlet.spec.ServletContextImpl.getSession(ServletContextImpl.java:910)
		at io.undertow.servlet@2.2.37.SP2-redhat-00001//io.undertow.servlet.spec.ServletContextImpl.getSession(ServletContextImpl.java:1010)
		at io.undertow.servlet@2.2.37.SP2-redhat-00001//io.undertow.servlet.handlers.security.CachedAuthenticatedSessionHandler.handleRequest(CachedAuthenticatedSessionHandler.java:69)
		at io.undertow.core@2.2.37.SP2-redhat-00001//io.undertow.security.handlers.NotificationReceiverHandler.handleRequest(NotificationReceiverHandler.java:50)
		at io.undertow.core@2.2.37.SP2-redhat-00001//io.undertow.security.handlers.AbstractSecurityContextAssociationHandler.handleRequest(AbstractSecurityContextAssociationHandler.java:43)
		at io.undertow.core@2.2.37.SP2-redhat-00001//io.undertow.server.handlers.PredicateHandler.handleRequest(PredicateHandler.java:43)
		at org.wildfly.extension.undertow@7.4.23.GA-redhat-00002//org.wildfly.extension.undertow.security.jacc.JACCContextIdHandler.handleRequest(JACCContextIdHandler.java:61)
		at io.undertow.core@2.2.37.SP2-redhat-00001//io.undertow.server.handlers.PredicateHandler.handleRequest(PredicateHandler.java:43)
		at org.wildfly.extension.undertow@7.4.23.GA-redhat-00002//org.wildfly.extension.undertow.deployment.GlobalRequestControllerHandler.handleRequest(GlobalRequestControllerHandler.java:68)
		at io.undertow.servlet@2.2.37.SP2-redhat-00001//io.undertow.servlet.handlers.SendErrorPageHandler.handleRequest(SendErrorPageHandler.java:52)
		at io.undertow.core@2.2.37.SP2-redhat-00001//io.undertow.server.handlers.PredicateHandler.handleRequest(PredicateHandler.java:43)
		at io.undertow.servlet@2.2.37.SP2-redhat-00001//io.undertow.servlet.handlers.ServletInitialHandler.handleFirstRequest(ServletInitialHandler.java:275)
		at io.undertow.servlet@2.2.37.SP2-redhat-00001//io.undertow.servlet.handlers.ServletInitialHandler.access$100(ServletInitialHandler.java:79)
		at io.undertow.servlet@2.2.37.SP2-redhat-00001//io.undertow.servlet.handlers.ServletInitialHandler$2.call(ServletInitialHandler.java:134)
		at io.undertow.servlet@2.2.37.SP2-redhat-00001//io.undertow.servlet.handlers.ServletInitialHandler$2.call(ServletInitialHandler.java:131)
		at io.undertow.servlet@2.2.37.SP2-redhat-00001//io.undertow.servlet.core.ServletRequestContextThreadSetupAction$1.call(ServletRequestContextThreadSetupAction.java:48)
		at io.undertow.servlet@2.2.37.SP2-redhat-00001//io.undertow.servlet.core.ContextClassLoaderSetupAction$1.call(ContextClassLoaderSetupAction.java:43)
		at org.wildfly.extension.undertow@7.4.23.GA-redhat-00002//org.wildfly.extension.undertow.security.SecurityContextThreadSetupAction.lambda$create$0(SecurityContextThreadSetupAction.java:105)
		at org.wildfly.extension.undertow@7.4.23.GA-redhat-00002//org.wildfly.extension.undertow.deployment.UndertowDeploymentInfoService$UndertowThreadSetupAction.lambda$create$0(UndertowDeploymentInfoService.java:1555)
		at org.wildfly.extension.undertow@7.4.23.GA-redhat-00002//org.wildfly.extension.undertow.deployment.UndertowDeploymentInfoService$UndertowThreadSetupAction.lambda$create$0(UndertowDeploymentInfoService.java:1555)
		at org.wildfly.extension.undertow@7.4.23.GA-redhat-00002//org.wildfly.extension.undertow.deployment.UndertowDeploymentInfoService$UndertowThreadSetupAction.lambda$create$0(UndertowDeploymentInfoService.java:1555)
		at org.wildfly.extension.undertow@7.4.23.GA-redhat-00002//org.wildfly.extension.undertow.deployment.UndertowDeploymentInfoService$UndertowThreadSetupAction.lambda$create$0(UndertowDeploymentInfoService.java:1555)
		at io.undertow.servlet@2.2.37.SP2-redhat-00001//io.undertow.servlet.handlers.ServletInitialHandler.dispatchRequest(ServletInitialHandler.java:255)
		at io.undertow.servlet@2.2.37.SP2-redhat-00001//io.undertow.servlet.handlers.ServletInitialHandler.access$000(ServletInitialHandler.java:79)
		at io.undertow.servlet@2.2.37.SP2-redhat-00001//io.undertow.servlet.handlers.ServletInitialHandler$1.handleRequest(ServletInitialHandler.java:100)
		at io.undertow.core@2.2.37.SP2-redhat-00001//io.undertow.server.Connectors.executeRootHandler(Connectors.java:395)
		at io.undertow.core@2.2.37.SP2-redhat-00001//io.undertow.server.HttpServerExchange$1.run(HttpServerExchange.java:889)
		at org.jboss.threads@2.4.0.Final-redhat-00001//org.jboss.threads.ContextClassLoaderSavingRunnable.run(ContextClassLoaderSavingRunnable.java:35)
		at org.jboss.threads@2.4.0.Final-redhat-00001//org.jboss.threads.EnhancedQueueExecutor.safeRun(EnhancedQueueExecutor.java:1990)
		at org.jboss.threads@2.4.0.Final-redhat-00001//org.jboss.threads.EnhancedQueueExecutor$ThreadBody.doRunTask(EnhancedQueueExecutor.java:1486)
		at org.jboss.threads@2.4.0.Final-redhat-00001//org.jboss.threads.EnhancedQueueExecutor$ThreadBody.run(EnhancedQueueExecutor.java:1348)
		at org.jboss.xnio@3.8.16.Final-redhat-00001//org.xnio.XnioWorker$WorkerThreadFactory$1$1.run(XnioWorker.java:1282)
		... 1 more

[0m[31m17:41:47,379 ERROR [io.undertow.request] (default task-18) UT005023: Exception handling request to /reproducer/session: org.infinispan.util.concurrent.TimeoutException: ISPN000299: Unable to acquire lock after 15 seconds for key SessionCreationMetaDataKey(U_HgIWb88N0DPWVuTyOiROZBgkvvAt-8SU-Ri-5g) and requestor GlobalTransaction{id=31, addr=node3, remote=false, xid=null, internalId=-1}. Lock is held by GlobalTransaction{id=24, addr=node3, remote=false, xid=null, internalId=-1}
	at org.infinispan//org.infinispan.interceptors.impl.AsyncInterceptorChainImpl.invoke(AsyncInterceptorChainImpl.java:255)
	at org.infinispan//org.infinispan.cache.impl.InvocationHelper.doInvoke(InvocationHelper.java:298)
	at org.infinispan//org.infinispan.cache.impl.InvocationHelper.invoke(InvocationHelper.java:102)
	at org.infinispan//org.infinispan.cache.impl.CacheImpl.get(CacheImpl.java:541)
	at org.infinispan//org.infinispan.cache.impl.DecoratedCache.get(DecoratedCache.java:522)
	at org.infinispan//org.infinispan.cache.impl.AbstractDelegatingCache.get(AbstractDelegatingCache.java:439)
	at org.infinispan//org.infinispan.cache.impl.EncoderCache.get(EncoderCache.java:696)
	at org.infinispan//org.infinispan.cache.impl.AbstractDelegatingCache.get(AbstractDelegatingCache.java:439)
	at org.wildfly.clustering.web.infinispan@7.4.23.GA-redhat-00002//org.wildfly.clustering.web.infinispan.session.InfinispanSessionMetaDataFactory.getValue(InfinispanSessionMetaDataFactory.java:101)
	at org.wildfly.clustering.web.infinispan@7.4.23.GA-redhat-00002//org.wildfly.clustering.web.infinispan.session.InfinispanSessionMetaDataFactory.findValue(InfinispanSessionMetaDataFactory.java:91)
	at org.wildfly.clustering.web.infinispan@7.4.23.GA-redhat-00002//org.wildfly.clustering.web.infinispan.session.InfinispanSessionMetaDataFactory.findValue(InfinispanSessionMetaDataFactory.java:54)
	at org.wildfly.clustering.web.cache@7.4.23.GA-redhat-00002//org.wildfly.clustering.web.cache.session.CompositeSessionFactory.findValue(CompositeSessionFactory.java:63)
	at org.wildfly.clustering.web.cache@7.4.23.GA-redhat-00002//org.wildfly.clustering.web.cache.session.CompositeSessionFactory.findValue(CompositeSessionFactory.java:40)
	at org.wildfly.clustering.web.infinispan@7.4.23.GA-redhat-00002//org.wildfly.clustering.web.infinispan.session.InfinispanSessionManager.findSession(InfinispanSessionManager.java:161)
	at org.wildfly.clustering.web.cache@7.4.23.GA-redhat-00002//org.wildfly.clustering.web.cache.session.ConcurrentSessionManager$2.apply(ConcurrentSessionManager.java:66)
	at org.wildfly.clustering.web.cache@7.4.23.GA-redhat-00002//org.wildfly.clustering.web.cache.session.ConcurrentSessionManager$2.apply(ConcurrentSessionManager.java:63)
	at org.wildfly.clustering.ee.cache@7.4.23.GA-redhat-00002//org.wildfly.clustering.ee.cache.SimpleManager.apply(SimpleManager.java:52)
	at org.wildfly.clustering.web.cache@7.4.23.GA-redhat-00002//org.wildfly.clustering.web.cache.session.ConcurrentSessionManager.findSession(ConcurrentSessionManager.java:71)
	at org.wildfly.clustering.web.undertow@7.4.23.GA-redhat-00002//org.wildfly.clustering.web.undertow.session.DistributableSessionManager.getSession(DistributableSessionManager.java:228)
	at io.undertow.servlet@2.2.37.SP2-redhat-00001//io.undertow.servlet.spec.ServletContextImpl.getSession(ServletContextImpl.java:910)
	at io.undertow.servlet@2.2.37.SP2-redhat-00001//io.undertow.servlet.spec.ServletContextImpl.getSession(ServletContextImpl.java:1010)
	at io.undertow.servlet@2.2.37.SP2-redhat-00001//io.undertow.servlet.handlers.security.CachedAuthenticatedSessionHandler.handleRequest(CachedAuthenticatedSessionHandler.java:69)
	at io.undertow.core@2.2.37.SP2-redhat-00001//io.undertow.security.handlers.NotificationReceiverHandler.handleRequest(NotificationReceiverHandler.java:50)
	at io.undertow.core@2.2.37.SP2-redhat-00001//io.undertow.security.handlers.AbstractSecurityContextAssociationHandler.handleRequest(AbstractSecurityContextAssociationHandler.java:43)
	at io.undertow.core@2.2.37.SP2-redhat-00001//io.undertow.server.handlers.PredicateHandler.handleRequest(PredicateHandler.java:43)
	at org.wildfly.extension.undertow@7.4.23.GA-redhat-00002//org.wildfly.extension.undertow.security.jacc.JACCContextIdHandler.handleRequest(JACCContextIdHandler.java:61)
	at io.undertow.core@2.2.37.SP2-redhat-00001//io.undertow.server.handlers.PredicateHandler.handleRequest(PredicateHandler.java:43)
	at org.wildfly.extension.undertow@7.4.23.GA-redhat-00002//org.wildfly.extension.undertow.deployment.GlobalRequestControllerHandler.handleRequest(GlobalRequestControllerHandler.java:68)
	at io.undertow.servlet@2.2.37.SP2-redhat-00001//io.undertow.servlet.handlers.SendErrorPageHandler.handleRequest(SendErrorPageHandler.java:52)
	at io.undertow.core@2.2.37.SP2-redhat-00001//io.undertow.server.handlers.PredicateHandler.handleRequest(PredicateHandler.java:43)
	at io.undertow.servlet@2.2.37.SP2-redhat-00001//io.undertow.servlet.handlers.ServletInitialHandler.handleFirstRequest(ServletInitialHandler.java:275)
	at io.undertow.servlet@2.2.37.SP2-redhat-00001//io.undertow.servlet.handlers.ServletInitialHandler.access$100(ServletInitialHandler.java:79)
	at io.undertow.servlet@2.2.37.SP2-redhat-00001//io.undertow.servlet.handlers.ServletInitialHandler$2.call(ServletInitialHandler.java:134)
	at io.undertow.servlet@2.2.37.SP2-redhat-00001//io.undertow.servlet.handlers.ServletInitialHandler$2.call(ServletInitialHandler.java:131)
	at io.undertow.servlet@2.2.37.SP2-redhat-00001//io.undertow.servlet.core.ServletRequestContextThreadSetupAction$1.call(ServletRequestContextThreadSetupAction.java:48)
	at io.undertow.servlet@2.2.37.SP2-redhat-00001//io.undertow.servlet.core.ContextClassLoaderSetupAction$1.call(ContextClassLoaderSetupAction.java:43)
	at org.wildfly.extension.undertow@7.4.23.GA-redhat-00002//org.wildfly.extension.undertow.security.SecurityContextThreadSetupAction.lambda$create$0(SecurityContextThreadSetupAction.java:105)
	at org.wildfly.extension.undertow@7.4.23.GA-redhat-00002//org.wildfly.extension.undertow.deployment.UndertowDeploymentInfoService$UndertowThreadSetupAction.lambda$create$0(UndertowDeploymentInfoService.java:1555)
	at org.wildfly.extension.undertow@7.4.23.GA-redhat-00002//org.wildfly.extension.undertow.deployment.UndertowDeploymentInfoService$UndertowThreadSetupAction.lambda$create$0(UndertowDeploymentInfoService.java:1555)
	at org.wildfly.extension.undertow@7.4.23.GA-redhat-00002//org.wildfly.extension.undertow.deployment.UndertowDeploymentInfoService$UndertowThreadSetupAction.lambda$create$0(UndertowDeploymentInfoService.java:1555)
	at org.wildfly.extension.undertow@7.4.23.GA-redhat-00002//org.wildfly.extension.undertow.deployment.UndertowDeploymentInfoService$UndertowThreadSetupAction.lambda$create$0(UndertowDeploymentInfoService.java:1555)
	at io.undertow.servlet@2.2.37.SP2-redhat-00001//io.undertow.servlet.handlers.ServletInitialHandler.dispatchRequest(ServletInitialHandler.java:255)
	at io.undertow.servlet@2.2.37.SP2-redhat-00001//io.undertow.servlet.handlers.ServletInitialHandler.access$000(ServletInitialHandler.java:79)
	at io.undertow.servlet@2.2.37.SP2-redhat-00001//io.undertow.servlet.handlers.ServletInitialHandler$1.handleRequest(ServletInitialHandler.java:100)
	at io.undertow.core@2.2.37.SP2-redhat-00001//io.undertow.server.Connectors.executeRootHandler(Connectors.java:395)
	at io.undertow.core@2.2.37.SP2-redhat-00001//io.undertow.server.HttpServerExchange$1.run(HttpServerExchange.java:889)
	at org.jboss.threads@2.4.0.Final-redhat-00001//org.jboss.threads.ContextClassLoaderSavingRunnable.run(ContextClassLoaderSavingRunnable.java:35)
	at org.jboss.threads@2.4.0.Final-redhat-00001//org.jboss.threads.EnhancedQueueExecutor.safeRun(EnhancedQueueExecutor.java:1990)
	at org.jboss.threads@2.4.0.Final-redhat-00001//org.jboss.threads.EnhancedQueueExecutor$ThreadBody.doRunTask(EnhancedQueueExecutor.java:1486)
	at org.jboss.threads@2.4.0.Final-redhat-00001//org.jboss.threads.EnhancedQueueExecutor$ThreadBody.run(EnhancedQueueExecutor.java:1348)
	at org.jboss.xnio@3.8.16.Final-redhat-00001//org.xnio.XnioWorker$WorkerThreadFactory$1$1.run(XnioWorker.java:1282)
	at java.base/java.lang.Thread.run(Thread.java:829)
Caused by: org.infinispan.util.concurrent.TimeoutException: ISPN000299: Unable to acquire lock after 15 seconds for key SessionCreationMetaDataKey(U_HgIWb88N0DPWVuTyOiROZBgkvvAt-8SU-Ri-5g) and requestor GlobalTransaction{id=31, addr=node3, remote=false, xid=null, internalId=-1}. Lock is held by GlobalTransaction{id=24, addr=node3, remote=false, xid=null, internalId=-1}
	at org.infinispan//org.infinispan.util.concurrent.locks.impl.DefaultLockManager$KeyAwareExtendedLockPromise.get(DefaultLockManager.java:292)
	at org.infinispan//org.infinispan.util.concurrent.locks.impl.DefaultLockManager$KeyAwareExtendedLockPromise.get(DefaultLockManager.java:222)
	at org.infinispan//org.infinispan.util.concurrent.locks.impl.InfinispanLock$LockPlaceHolder.checkState(InfinispanLock.java:440)
	at org.infinispan//org.infinispan.util.concurrent.locks.impl.InfinispanLock$LockPlaceHolder.lambda$toInvocationStage$3(InfinispanLock.java:416)
	at java.base/java.util.concurrent.CompletableFuture$UniApply.tryFire(CompletableFuture.java:642)
	at java.base/java.util.concurrent.CompletableFuture$Completion.run(CompletableFuture.java:478)
	at java.base/java.util.concurrent.ThreadPoolExecutor.runWorker(ThreadPoolExecutor.java:1128)
	at java.base/java.util.concurrent.ThreadPoolExecutor$Worker.run(ThreadPoolExecutor.java:628)
	at org.jboss.as.clustering.common@7.4.23.GA-redhat-00002//org.jboss.as.clustering.context.ContextReferenceExecutor.execute(ContextReferenceExecutor.java:49)
	at org.jboss.as.clustering.common@7.4.23.GA-redhat-00002//org.jboss.as.clustering.context.ContextualExecutor$1.run(ContextualExecutor.java:70)
	... 1 more
	Suppressed: org.infinispan.commons.util.logging.TraceException
		at org.infinispan//org.infinispan.interceptors.impl.SimpleAsyncInvocationStage.get(SimpleAsyncInvocationStage.java:39)
		at org.infinispan//org.infinispan.interceptors.impl.AsyncInterceptorChainImpl.invoke(AsyncInterceptorChainImpl.java:246)
		at org.infinispan//org.infinispan.cache.impl.InvocationHelper.doInvoke(InvocationHelper.java:298)
		at org.infinispan//org.infinispan.cache.impl.InvocationHelper.invoke(InvocationHelper.java:102)
		at org.infinispan//org.infinispan.cache.impl.CacheImpl.get(CacheImpl.java:541)
		at org.infinispan//org.infinispan.cache.impl.DecoratedCache.get(DecoratedCache.java:522)
		at org.infinispan//org.infinispan.cache.impl.AbstractDelegatingCache.get(AbstractDelegatingCache.java:439)
		at org.infinispan//org.infinispan.cache.impl.EncoderCache.get(EncoderCache.java:696)
		at org.infinispan//org.infinispan.cache.impl.AbstractDelegatingCache.get(AbstractDelegatingCache.java:439)
		at org.wildfly.clustering.web.infinispan@7.4.23.GA-redhat-00002//org.wildfly.clustering.web.infinispan.session.InfinispanSessionMetaDataFactory.getValue(InfinispanSessionMetaDataFactory.java:101)
		at org.wildfly.clustering.web.infinispan@7.4.23.GA-redhat-00002//org.wildfly.clustering.web.infinispan.session.InfinispanSessionMetaDataFactory.findValue(InfinispanSessionMetaDataFactory.java:91)
		at org.wildfly.clustering.web.infinispan@7.4.23.GA-redhat-00002//org.wildfly.clustering.web.infinispan.session.InfinispanSessionMetaDataFactory.findValue(InfinispanSessionMetaDataFactory.java:54)
		at org.wildfly.clustering.web.cache@7.4.23.GA-redhat-00002//org.wildfly.clustering.web.cache.session.CompositeSessionFactory.findValue(CompositeSessionFactory.java:63)
		at org.wildfly.clustering.web.cache@7.4.23.GA-redhat-00002//org.wildfly.clustering.web.cache.session.CompositeSessionFactory.findValue(CompositeSessionFactory.java:40)
		at org.wildfly.clustering.web.infinispan@7.4.23.GA-redhat-00002//org.wildfly.clustering.web.infinispan.session.InfinispanSessionManager.findSession(InfinispanSessionManager.java:161)
		at org.wildfly.clustering.web.cache@7.4.23.GA-redhat-00002//org.wildfly.clustering.web.cache.session.ConcurrentSessionManager$2.apply(ConcurrentSessionManager.java:66)
		at org.wildfly.clustering.web.cache@7.4.23.GA-redhat-00002//org.wildfly.clustering.web.cache.session.ConcurrentSessionManager$2.apply(ConcurrentSessionManager.java:63)
		at org.wildfly.clustering.ee.cache@7.4.23.GA-redhat-00002//org.wildfly.clustering.ee.cache.SimpleManager.apply(SimpleManager.java:52)
		at org.wildfly.clustering.web.cache@7.4.23.GA-redhat-00002//org.wildfly.clustering.web.cache.session.ConcurrentSessionManager.findSession(ConcurrentSessionManager.java:71)
		at org.wildfly.clustering.web.undertow@7.4.23.GA-redhat-00002//org.wildfly.clustering.web.undertow.session.DistributableSessionManager.getSession(DistributableSessionManager.java:228)
		at io.undertow.servlet@2.2.37.SP2-redhat-00001//io.undertow.servlet.spec.ServletContextImpl.getSession(ServletContextImpl.java:910)
		at io.undertow.servlet@2.2.37.SP2-redhat-00001//io.undertow.servlet.spec.ServletContextImpl.getSession(ServletContextImpl.java:1010)
		at io.undertow.servlet@2.2.37.SP2-redhat-00001//io.undertow.servlet.handlers.security.CachedAuthenticatedSessionHandler.handleRequest(CachedAuthenticatedSessionHandler.java:69)
		at io.undertow.core@2.2.37.SP2-redhat-00001//io.undertow.security.handlers.NotificationReceiverHandler.handleRequest(NotificationReceiverHandler.java:50)
		at io.undertow.core@2.2.37.SP2-redhat-00001//io.undertow.security.handlers.AbstractSecurityContextAssociationHandler.handleRequest(AbstractSecurityContextAssociationHandler.java:43)
		at io.undertow.core@2.2.37.SP2-redhat-00001//io.undertow.server.handlers.PredicateHandler.handleRequest(PredicateHandler.java:43)
		at org.wildfly.extension.undertow@7.4.23.GA-redhat-00002//org.wildfly.extension.undertow.security.jacc.JACCContextIdHandler.handleRequest(JACCContextIdHandler.java:61)
		at io.undertow.core@2.2.37.SP2-redhat-00001//io.undertow.server.handlers.PredicateHandler.handleRequest(PredicateHandler.java:43)
		at org.wildfly.extension.undertow@7.4.23.GA-redhat-00002//org.wildfly.extension.undertow.deployment.GlobalRequestControllerHandler.handleRequest(GlobalRequestControllerHandler.java:68)
		at io.undertow.servlet@2.2.37.SP2-redhat-00001//io.undertow.servlet.handlers.SendErrorPageHandler.handleRequest(SendErrorPageHandler.java:52)
		at io.undertow.core@2.2.37.SP2-redhat-00001//io.undertow.server.handlers.PredicateHandler.handleRequest(PredicateHandler.java:43)
		at io.undertow.servlet@2.2.37.SP2-redhat-00001//io.undertow.servlet.handlers.ServletInitialHandler.handleFirstRequest(ServletInitialHandler.java:275)
		at io.undertow.servlet@2.2.37.SP2-redhat-00001//io.undertow.servlet.handlers.ServletInitialHandler.access$100(ServletInitialHandler.java:79)
		at io.undertow.servlet@2.2.37.SP2-redhat-00001//io.undertow.servlet.handlers.ServletInitialHandler$2.call(ServletInitialHandler.java:134)
		at io.undertow.servlet@2.2.37.SP2-redhat-00001//io.undertow.servlet.handlers.ServletInitialHandler$2.call(ServletInitialHandler.java:131)
		at io.undertow.servlet@2.2.37.SP2-redhat-00001//io.undertow.servlet.core.ServletRequestContextThreadSetupAction$1.call(ServletRequestContextThreadSetupAction.java:48)
		at io.undertow.servlet@2.2.37.SP2-redhat-00001//io.undertow.servlet.core.ContextClassLoaderSetupAction$1.call(ContextClassLoaderSetupAction.java:43)
		at org.wildfly.extension.undertow@7.4.23.GA-redhat-00002//org.wildfly.extension.undertow.security.SecurityContextThreadSetupAction.lambda$create$0(SecurityContextThreadSetupAction.java:105)
		at org.wildfly.extension.undertow@7.4.23.GA-redhat-00002//org.wildfly.extension.undertow.deployment.UndertowDeploymentInfoService$UndertowThreadSetupAction.lambda$create$0(UndertowDeploymentInfoService.java:1555)
		at org.wildfly.extension.undertow@7.4.23.GA-redhat-00002//org.wildfly.extension.undertow.deployment.UndertowDeploymentInfoService$UndertowThreadSetupAction.lambda$create$0(UndertowDeploymentInfoService.java:1555)
		at org.wildfly.extension.undertow@7.4.23.GA-redhat-00002//org.wildfly.extension.undertow.deployment.UndertowDeploymentInfoService$UndertowThreadSetupAction.lambda$create$0(UndertowDeploymentInfoService.java:1555)
		at org.wildfly.extension.undertow@7.4.23.GA-redhat-00002//org.wildfly.extension.undertow.deployment.UndertowDeploymentInfoService$UndertowThreadSetupAction.lambda$create$0(UndertowDeploymentInfoService.java:1555)
		at io.undertow.servlet@2.2.37.SP2-redhat-00001//io.undertow.servlet.handlers.ServletInitialHandler.dispatchRequest(ServletInitialHandler.java:255)
		at io.undertow.servlet@2.2.37.SP2-redhat-00001//io.undertow.servlet.handlers.ServletInitialHandler.access$000(ServletInitialHandler.java:79)
		at io.undertow.servlet@2.2.37.SP2-redhat-00001//io.undertow.servlet.handlers.ServletInitialHandler$1.handleRequest(ServletInitialHandler.java:100)
		at io.undertow.core@2.2.37.SP2-redhat-00001//io.undertow.server.Connectors.executeRootHandler(Connectors.java:395)
		at io.undertow.core@2.2.37.SP2-redhat-00001//io.undertow.server.HttpServerExchange$1.run(HttpServerExchange.java:889)
		at org.jboss.threads@2.4.0.Final-redhat-00001//org.jboss.threads.ContextClassLoaderSavingRunnable.run(ContextClassLoaderSavingRunnable.java:35)
		at org.jboss.threads@2.4.0.Final-redhat-00001//org.jboss.threads.EnhancedQueueExecutor.safeRun(EnhancedQueueExecutor.java:1990)
		at org.jboss.threads@2.4.0.Final-redhat-00001//org.jboss.threads.EnhancedQueueExecutor$ThreadBody.doRunTask(EnhancedQueueExecutor.java:1486)
		at org.jboss.threads@2.4.0.Final-redhat-00001//org.jboss.threads.EnhancedQueueExecutor$ThreadBody.run(EnhancedQueueExecutor.java:1348)
		at org.jboss.xnio@3.8.16.Final-redhat-00001//org.xnio.XnioWorker$WorkerThreadFactory$1$1.run(XnioWorker.java:1282)
		... 1 more

[0m[0m17:41:47,532 INFO  [com.redhat.reproducer.SessionReproducerServlet] (default task-17) Node=node3 SessionID=U_HgIWb88N0DPWVuTyOiROZBgkvvAt-8SU-Ri-5g Counter=25 New=false
[0m[0m17:41:47,542 INFO  [com.redhat.reproducer.SessionReproducerServlet] (default task-31) Node=node3 SessionID=U_HgIWb88N0DPWVuTyOiROZBgkvvAt-8SU-Ri-5g Counter=26 New=false
[0m[0m17:41:47,550 INFO  [com.redhat.reproducer.SessionReproducerServlet] (default task-30) Node=node3 SessionID=U_HgIWb88N0DPWVuTyOiROZBgkvvAt-8SU-Ri-5g Counter=27 New=false
[0m[0m17:50:55,571 INFO  [org.jboss.as.repository] (ServerService Thread Pool -- 1) WFLYDR0009: Content /home/mopatil/Documents/EAP_lab/jboss-eap-7.4.0/jboss-eap-7.4/standalone/data/content/f8/c4b6c95e37bddcb45c918e8d7c291d4d0296fa is obsolete and will be removed
[0m[0m17:50:55,574 INFO  [org.jboss.as.repository] (ServerService Thread Pool -- 1) WFLYDR0002: Content removed from location /home/mopatil/Documents/EAP_lab/jboss-eap-7.4.0/jboss-eap-7.4/standalone/data/content/f8/c4b6c95e37bddcb45c918e8d7c291d4d0296fa/content
[0m[0m17:50:55,574 INFO  [org.jboss.as.repository] (ServerService Thread Pool -- 1) WFLYDR0009: Content /home/mopatil/Documents/EAP_lab/jboss-eap-7.4.0/jboss-eap-7.4/standalone/data/content/1f/917bab391a7c4af4c8d68d7983de04991dedf8 is obsolete and will be removed
[0m[0m17:50:55,575 INFO  [org.jboss.as.repository] (ServerService Thread Pool -- 1) WFLYDR0002: Content removed from location /home/mopatil/Documents/EAP_lab/jboss-eap-7.4.0/jboss-eap-7.4/standalone/data/content/1f/917bab391a7c4af4c8d68d7983de04991dedf8/content
[0m[0m17:50:55,575 INFO  [org.jboss.as.repository] (ServerService Thread Pool -- 1) WFLYDR0009: Content /home/mopatil/Documents/EAP_lab/jboss-eap-7.4.0/jboss-eap-7.4/standalone/data/content/db/0a80afc8e05f7f563d7058f4e713352687b0bf is obsolete and will be removed
[0m[0m17:50:55,576 INFO  [org.jboss.as.repository] (ServerService Thread Pool -- 1) WFLYDR0002: Content removed from location /home/mopatil/Documents/EAP_lab/jboss-eap-7.4.0/jboss-eap-7.4/standalone/data/content/db/0a80afc8e05f7f563d7058f4e713352687b0bf/content
[0m[33m15:17:39,580 WARN  [org.jgroups.protocols.UDP] (mcast-receiver-4,ejb,node3) JGRP000010: packet from 127.0.0.1:55200 has different version (5.3.16) than ours (4.2.23); packet is discarded
[0m[33m15:18:40,887 WARN  [org.jgroups.protocols.UDP] (mcast-receiver-4,ejb,node3) JGRP000010: packet from 127.0.0.1:55200 has different version (5.3.16) than ours (4.2.23); packet is discarded (received 27 identical messages from 127.0.0.1:55200 in the last 61308 ms)
[0m[33m15:19:42,015 WARN  [org.jgroups.protocols.UDP] (mcast-receiver-4,ejb,node3) JGRP000010: packet from 127.0.0.1:55200 has different version (5.3.16) than ours (4.2.23); packet is discarded (received 15 identical messages from 127.0.0.1:55200 in the last 61128 ms)
[0m[33m15:20:34,212 WARN  [org.jgroups.protocols.UDP] (mcast-receiver-4,ejb,node3) JGRP000010: packet from 127.0.0.1:55300 has different version (5.3.16) than ours (4.2.23); packet is discarded
[0m[33m15:20:45,962 WARN  [org.jgroups.protocols.UDP] (mcast-receiver-4,ejb,node3) JGRP000010: packet from 127.0.0.1:55200 has different version (5.3.16) than ours (4.2.23); packet is discarded (received 50 identical messages from 127.0.0.1:55200 in the last 63947 ms)
[0m[33m15:21:38,293 WARN  [org.jgroups.protocols.UDP] (mcast-receiver-4,ejb,node3) JGRP000010: packet from 127.0.0.1:55300 has different version (5.3.16) than ours (4.2.23); packet is discarded (received 11 identical messages from 127.0.0.1:55300 in the last 64082 ms)
[0m[33m15:21:47,275 WARN  [org.jgroups.protocols.UDP] (mcast-receiver-4,ejb,node3) JGRP000010: packet from 127.0.0.1:55200 has different version (5.3.16) than ours (4.2.23); packet is discarded (received 12 identical messages from 127.0.0.1:55200 in the last 61313 ms)
[0m[33m15:22:42,359 WARN  [org.jgroups.protocols.UDP] (mcast-receiver-4,ejb,node3) JGRP000010: packet from 127.0.0.1:55300 has different version (5.3.16) than ours (4.2.23); packet is discarded (received 12 identical messages from 127.0.0.1:55300 in the last 64065 ms)
[0m[33m15:22:48,088 WARN  [org.jgroups.protocols.UDP] (mcast-receiver-4,ejb,node3) JGRP000010: packet from 127.0.0.1:55200 has different version (5.3.16) than ours (4.2.23); packet is discarded (received 15 identical messages from 127.0.0.1:55200 in the last 60813 ms)
[0m[33m15:23:46,362 WARN  [org.jgroups.protocols.UDP] (mcast-receiver-4,ejb,node3) JGRP000010: packet from 127.0.0.1:55300 has different version (5.3.16) than ours (4.2.23); packet is discarded (received 11 identical messages from 127.0.0.1:55300 in the last 64004 ms)
[0m[33m15:23:52,205 WARN  [org.jgroups.protocols.UDP] (mcast-receiver-4,ejb,node3) JGRP000010: packet from 127.0.0.1:55200 has different version (5.3.16) than ours (4.2.23); packet is discarded (received 51 identical messages from 127.0.0.1:55200 in the last 64116 ms)
[0m[33m15:24:50,365 WARN  [org.jgroups.protocols.UDP] (mcast-receiver-4,ejb,node3) JGRP000010: packet from 127.0.0.1:55300 has different version (5.3.16) than ours (4.2.23); packet is discarded (received 11 identical messages from 127.0.0.1:55300 in the last 64004 ms)
[0m[33m15:24:55,553 WARN  [org.jgroups.protocols.UDP] (mcast-receiver-4,ejb,node3) JGRP000010: packet from 127.0.0.1:55200 has different version (5.3.16) than ours (4.2.23); packet is discarded (received 14 identical messages from 127.0.0.1:55200 in the last 63349 ms)
[0m[33m15:25:54,369 WARN  [org.jgroups.protocols.UDP] (mcast-receiver-4,ejb,node3) JGRP000010: packet from 127.0.0.1:55300 has different version (5.3.16) than ours (4.2.23); packet is discarded (received 12 identical messages from 127.0.0.1:55300 in the last 64004 ms)
[0m[33m15:26:00,490 WARN  [org.jgroups.protocols.UDP] (mcast-receiver-4,ejb,node3) JGRP000010: packet from 127.0.0.1:55200 has different version (5.3.16) than ours (4.2.23); packet is discarded (received 16 identical messages from 127.0.0.1:55200 in the last 64938 ms)
[0m[33m15:26:58,373 WARN  [org.jgroups.protocols.UDP] (mcast-receiver-4,ejb,node3) JGRP000010: packet from 127.0.0.1:55300 has different version (5.3.16) than ours (4.2.23); packet is discarded (received 11 identical messages from 127.0.0.1:55300 in the last 64004 ms)
[0m[33m15:27:00,869 WARN  [org.jgroups.protocols.UDP] (mcast-receiver-4,ejb,node3) JGRP000010: packet from 127.0.0.1:55200 has different version (5.3.16) than ours (4.2.23); packet is discarded (received 14 identical messages from 127.0.0.1:55200 in the last 60379 ms)
[0m[33m15:28:02,376 WARN  [org.jgroups.protocols.UDP] (mcast-receiver-4,ejb,node3) JGRP000010: packet from 127.0.0.1:55300 has different version (5.3.16) than ours (4.2.23); packet is discarded (received 12 identical messages from 127.0.0.1:55300 in the last 64004 ms)
[0m[33m15:28:04,978 WARN  [org.jgroups.protocols.UDP] (mcast-receiver-4,ejb,node3) JGRP000010: packet from 127.0.0.1:55200 has different version (5.3.16) than ours (4.2.23); packet is discarded (received 17 identical messages from 127.0.0.1:55200 in the last 64109 ms)
[0m[33m15:29:06,378 WARN  [org.jgroups.protocols.UDP] (mcast-receiver-4,ejb,node3) JGRP000010: packet from 127.0.0.1:55300 has different version (5.3.16) than ours (4.2.23); packet is discarded (received 11 identical messages from 127.0.0.1:55300 in the last 64003 ms)
[0m[33m15:29:08,841 WARN  [org.jgroups.protocols.UDP] (mcast-receiver-4,ejb,node3) JGRP000010: packet from 127.0.0.1:55200 has different version (5.3.16) than ours (4.2.23); packet is discarded (received 14 identical messages from 127.0.0.1:55200 in the last 63863 ms)
[0m[33m15:30:10,381 WARN  [org.jgroups.protocols.UDP] (mcast-receiver-4,ejb,node3) JGRP000010: packet from 127.0.0.1:55300 has different version (5.3.16) than ours (4.2.23); packet is discarded (received 11 identical messages from 127.0.0.1:55300 in the last 64003 ms)
[0m[33m15:30:13,388 WARN  [org.jgroups.protocols.UDP] (mcast-receiver-4,ejb,node3) JGRP000010: packet from 127.0.0.1:55200 has different version (5.3.16) than ours (4.2.23); packet is discarded (received 12 identical messages from 127.0.0.1:55200 in the last 64546 ms)
[0m[33m15:31:14,384 WARN  [org.jgroups.protocols.UDP] (mcast-receiver-4,ejb,node3) JGRP000010: packet from 127.0.0.1:55300 has different version (5.3.16) than ours (4.2.23); packet is discarded (received 11 identical messages from 127.0.0.1:55300 in the last 64003 ms)
[0m[33m15:31:16,160 WARN  [org.jgroups.protocols.UDP] (mcast-receiver-4,ejb,node3) JGRP000010: packet from 127.0.0.1:55200 has different version (5.3.16) than ours (4.2.23); packet is discarded (received 14 identical messages from 127.0.0.1:55200 in the last 62773 ms)
[0m[33m15:32:18,387 WARN  [org.jgroups.protocols.UDP] (mcast-receiver-4,ejb,node3) JGRP000010: packet from 127.0.0.1:55300 has different version (5.3.16) than ours (4.2.23); packet is discarded (received 11 identical messages from 127.0.0.1:55300 in the last 64003 ms)
[0m[33m15:32:21,221 WARN  [org.jgroups.protocols.UDP] (mcast-receiver-4,ejb,node3) JGRP000010: packet from 127.0.0.1:55200 has different version (5.3.16) than ours (4.2.23); packet is discarded (received 13 identical messages from 127.0.0.1:55200 in the last 65061 ms)
[0m[33m15:33:22,390 WARN  [org.jgroups.protocols.UDP] (mcast-receiver-4,ejb,node3) JGRP000010: packet from 127.0.0.1:55300 has different version (5.3.16) than ours (4.2.23); packet is discarded (received 12 identical messages from 127.0.0.1:55300 in the last 64003 ms)
[0m[33m15:33:26,720 WARN  [org.jgroups.protocols.UDP] (mcast-receiver-4,ejb,node3) JGRP000010: packet from 127.0.0.1:55200 has different version (5.3.16) than ours (4.2.23); packet is discarded (received 14 identical messages from 127.0.0.1:55200 in the last 65499 ms)
[0m[33m15:35:09,641 WARN  [org.jgroups.protocols.UDP] (mcast-receiver-4,ejb,node3) JGRP000010: packet from 127.0.0.1:55300 has different version (5.3.16) than ours (4.2.23); packet is discarded (received 7 identical messages from 127.0.0.1:55300 in the last 107251 ms)
[0m[33m15:35:11,260 WARN  [org.jgroups.protocols.UDP] (mcast-receiver-4,ejb,node3) JGRP000010: packet from 127.0.0.1:55200 has different version (5.3.16) than ours (4.2.23); packet is discarded (received 8 identical messages from 127.0.0.1:55200 in the last 104540 ms)
[0m[33m15:36:13,690 WARN  [org.jgroups.protocols.UDP] (mcast-receiver-4,ejb,node3) JGRP000010: packet from 127.0.0.1:55300 has different version (5.3.16) than ours (4.2.23); packet is discarded (received 12 identical messages from 127.0.0.1:55300 in the last 64049 ms)
[0m[33m15:36:15,499 WARN  [org.jgroups.protocols.UDP] (mcast-receiver-4,ejb,node3) JGRP000010: packet from 127.0.0.1:55200 has different version (5.3.16) than ours (4.2.23); packet is discarded (received 15 identical messages from 127.0.0.1:55200 in the last 64239 ms)
[0m[33m15:37:17,693 WARN  [org.jgroups.protocols.UDP] (mcast-receiver-4,ejb,node3) JGRP000010: packet from 127.0.0.1:55300 has different version (5.3.16) than ours (4.2.23); packet is discarded (received 12 identical messages from 127.0.0.1:55300 in the last 64003 ms)
[0m[33m15:37:17,770 WARN  [org.jgroups.protocols.UDP] (mcast-receiver-4,ejb,node3) JGRP000010: packet from 127.0.0.1:55200 has different version (5.3.16) than ours (4.2.23); packet is discarded (received 13 identical messages from 127.0.0.1:55200 in the last 62271 ms)
[0m[33m15:38:19,199 WARN  [org.jgroups.protocols.UDP] (mcast-receiver-4,ejb,node3) JGRP000010: packet from 127.0.0.1:55200 has different version (5.3.16) than ours (4.2.23); packet is discarded (received 11 identical messages from 127.0.0.1:55200 in the last 61429 ms)
[0m[33m15:38:21,695 WARN  [org.jgroups.protocols.UDP] (mcast-receiver-4,ejb,node3) JGRP000010: packet from 127.0.0.1:55300 has different version (5.3.16) than ours (4.2.23); packet is discarded (received 11 identical messages from 127.0.0.1:55300 in the last 64002 ms)
[0m[33m15:39:23,958 WARN  [org.jgroups.protocols.UDP] (mcast-receiver-4,ejb,node3) JGRP000010: packet from 127.0.0.1:55200 has different version (5.3.16) than ours (4.2.23); packet is discarded (received 13 identical messages from 127.0.0.1:55200 in the last 64759 ms)
[0m[33m15:39:25,697 WARN  [org.jgroups.protocols.UDP] (mcast-receiver-4,ejb,node3) JGRP000010: packet from 127.0.0.1:55300 has different version (5.3.16) than ours (4.2.23); packet is discarded (received 11 identical messages from 127.0.0.1:55300 in the last 64002 ms)
[0m[33m15:40:29,526 WARN  [org.jgroups.protocols.UDP] (mcast-receiver-4,ejb,node3) JGRP000010: packet from 127.0.0.1:55200 has different version (5.3.16) than ours (4.2.23); packet is discarded (received 14 identical messages from 127.0.0.1:55200 in the last 65568 ms)
[0m[33m15:40:29,700 WARN  [org.jgroups.protocols.UDP] (mcast-receiver-4,ejb,node3) JGRP000010: packet from 127.0.0.1:55300 has different version (5.3.16) than ours (4.2.23); packet is discarded (received 12 identical messages from 127.0.0.1:55300 in the last 64003 ms)
[0m[33m15:41:33,702 WARN  [org.jgroups.protocols.UDP] (mcast-receiver-4,ejb,node3) JGRP000010: packet from 127.0.0.1:55300 has different version (5.3.16) than ours (4.2.23); packet is discarded (received 11 identical messages from 127.0.0.1:55300 in the last 64002 ms)
[0m[33m15:41:36,268 WARN  [org.jgroups.protocols.UDP] (mcast-receiver-4,ejb,node3) JGRP000010: packet from 127.0.0.1:55200 has different version (5.3.16) than ours (4.2.23); packet is discarded (received 14 identical messages from 127.0.0.1:55200 in the last 66742 ms)
[0m[33m15:42:35,127 WARN  [org.jgroups.protocols.UDP] (mcast-receiver-4,ejb,node3) JGRP000010: packet from 127.0.0.1:55300 has different version (5.3.16) than ours (4.2.23); packet is discarded (received 11 identical messages from 127.0.0.1:55300 in the last 61425 ms)
[0m[33m15:42:37,354 WARN  [org.jgroups.protocols.UDP] (mcast-receiver-4,ejb,node3) JGRP000010: packet from 127.0.0.1:55200 has different version (5.3.16) than ours (4.2.23); packet is discarded (received 14 identical messages from 127.0.0.1:55200 in the last 61086 ms)
[0m[33m15:43:40,684 WARN  [org.jgroups.protocols.UDP] (mcast-receiver-4,ejb,node3) JGRP000010: packet from 127.0.0.1:55200 has different version (5.3.16) than ours (4.2.23); packet is discarded (received 14 identical messages from 127.0.0.1:55200 in the last 63330 ms)
[0m[33m15:43:41,706 WARN  [org.jgroups.protocols.UDP] (mcast-receiver-4,ejb,node3) JGRP000010: packet from 127.0.0.1:55300 has different version (5.3.16) than ours (4.2.23); packet is discarded (received 12 identical messages from 127.0.0.1:55300 in the last 66579 ms)
[0m[33m15:44:43,400 WARN  [org.jgroups.protocols.UDP] (mcast-receiver-4,ejb,node3) JGRP000010: packet from 127.0.0.1:55200 has different version (5.3.16) than ours (4.2.23); packet is discarded (received 14 identical messages from 127.0.0.1:55200 in the last 62716 ms)
[0m[33m15:44:45,709 WARN  [org.jgroups.protocols.UDP] (mcast-receiver-4,ejb,node3) JGRP000010: packet from 127.0.0.1:55300 has different version (5.3.16) than ours (4.2.23); packet is discarded (received 11 identical messages from 127.0.0.1:55300 in the last 64003 ms)
[0m[0m15:45:32,709 INFO  [org.jboss.as.server] (management-handler-thread - 2) WFLYSRV0272: Suspending server
[0m[0m15:45:32,714 INFO  [org.jboss.as.ejb3] (management-handler-thread - 2) WFLYEJB0493: Jakarta Enterprise Beans subsystem suspension complete
[0m[0m15:45:32,718 INFO  [org.jboss.as.server] (Management Triggered Shutdown) WFLYSRV0241: Shutting down in response to management operation 'shutdown'
[0m[0m15:45:32,735 INFO  [org.infinispan.manager.DefaultCacheManager] (ServerService Thread Pool -- 82) Stopping cache manager null on node3
[0m[0m15:45:32,738 INFO  [org.infinispan.CLUSTER] (ServerService Thread Pool -- 82) ISPN000080: Disconnecting JGroups channel ejb
[0m[0m15:45:32,748 INFO  [org.wildfly.extension.undertow] (ServerService Thread Pool -- 86) WFLYUT0022: Unregistered web context: '/reproducer' from server 'default-server'
[0m[0m15:45:32,750 INFO  [org.infinispan.manager.DefaultCacheManager] (ServerService Thread Pool -- 85) Stopping cache manager null on node3
[0m[0m15:45:32,751 INFO  [org.jboss.as.mail.extension] (MSC service thread 1-3) WFLYMAIL0002: Unbound mail session [java:jboss/mail/Default]
[0m[0m15:45:32,754 INFO  [org.infinispan.CLUSTER] (ServerService Thread Pool -- 85) ISPN000080: Disconnecting JGroups channel ejb
[0m[0m15:45:32,771 INFO  [org.wildfly.extension.undertow] (MSC service thread 1-1) WFLYUT0019: Host default-host stopping
[0m[0m15:45:32,773 INFO  [org.jboss.modcluster] (ServerService Thread Pool -- 85) MODCLUSTER000002: Initiating mod_cluster shutdown
[0m[0m15:45:32,775 INFO  [org.jboss.as.connector.subsystems.datasources] (MSC service thread 1-2) WFLYJCA0010: Unbound data source [java:jboss/datasources/ExampleDS]
[0m[0m15:45:32,779 INFO  [org.jboss.as.connector.deployers.jdbc] (MSC service thread 1-2) WFLYJCA0019: Stopped Driver service with driver-name = h2
[0m[0m15:45:32,790 INFO  [org.jboss.as.clustering.infinispan] (ServerService Thread Pool -- 85) WFLYCLINF0003: Stopped default-server cache from web container
[0m[0m15:45:32,792 INFO  [org.jboss.as.clustering.infinispan] (ServerService Thread Pool -- 86) WFLYCLINF0003: Stopped http-remoting-connector cache from ejb container
[0m[0m15:45:32,792 INFO  [org.jboss.as.clustering.infinispan] (ServerService Thread Pool -- 82) WFLYCLINF0003: Stopped reproducer.war cache from web container
[0m[0m15:45:32,794 INFO  [org.infinispan.manager.DefaultCacheManager] (ServerService Thread Pool -- 86) Stopping cache manager null on node3
[0m[0m15:45:32,795 INFO  [org.infinispan.manager.DefaultCacheManager] (ServerService Thread Pool -- 82) Stopping cache manager null on node3
[0m[0m15:45:32,797 INFO  [org.infinispan.CLUSTER] (ServerService Thread Pool -- 82) ISPN000080: Disconnecting JGroups channel ejb
[0m[0m15:45:32,803 INFO  [org.infinispan.CLUSTER] (ServerService Thread Pool -- 86) ISPN000080: Disconnecting JGroups channel ejb
[0m[0m15:45:32,823 INFO  [org.wildfly.extension.undertow] (MSC service thread 1-8) WFLYUT0008: Undertow AJP listener ajp suspending
[0m[0m15:45:32,823 INFO  [org.wildfly.extension.undertow] (MSC service thread 1-3) WFLYUT0008: Undertow HTTP listener default suspending
[0m[0m15:45:32,823 INFO  [org.wildfly.extension.undertow] (MSC service thread 1-6) WFLYUT0008: Undertow HTTPS listener https suspending
[0m[0m15:45:32,825 INFO  [org.wildfly.extension.undertow] (MSC service thread 1-8) WFLYUT0007: Undertow AJP listener ajp stopped, was bound to 0.0.0.0:8209
[0m[0m15:45:32,825 INFO  [org.wildfly.extension.undertow] (MSC service thread 1-6) WFLYUT0007: Undertow HTTPS listener https stopped, was bound to 0.0.0.0:8643
[0m[0m15:45:32,825 INFO  [org.wildfly.extension.undertow] (MSC service thread 1-3) WFLYUT0007: Undertow HTTP listener default stopped, was bound to 0.0.0.0:8280
[0m[0m15:45:32,826 INFO  [org.wildfly.extension.undertow] (MSC service thread 1-4) WFLYUT0004: Undertow 2.2.37.SP2-redhat-00001 stopping
[0m[0m15:45:32,829 INFO  [org.jboss.as.server.deployment] (MSC service thread 1-4) WFLYSRV0028: Stopped deployment reproducer.war (runtime-name: reproducer.war) in 93ms
[0m[0m15:45:32,843 INFO  [org.jboss.as] (MSC service thread 1-4) WFLYSRV0050: JBoss EAP 7.4.23.GA (WildFly Core 15.0.43.Final-redhat-00001) stopped in 116ms
[0m